{
  "document_meta": {
    "document_title": "invalid: additional property",
    "document_summary": "renderOrder should be rejected by additionalProperties:false.",
    "document_uuid": "cccccccc-cccc-4ccc-8ccc-cccccccccccc",
    "schema_uri": "https://q2t-project.github.io/3dsl/schemas/release/v1.1.3/3DSS.schema.json#v1.1.3",
    "author": "canonical",
    "version": "1.1.0",
    "tags": ["s:canonical", "m:invalid"],
    "coordinate_system": "Z+up/freeXY",
    "units": "non_si:px",
    "i18n": "ja",
    "updated_at": "2025-12-13T00:00:00Z"
  },
  "points": [
    { "signification": { "name": "A" }, "appearance": { "position": [-8, 0, 0], "visible": true, "marker": { "primitive": "none" } }, "meta": { "uuid": "cccccccc-cccc-4ccc-8ccc-ccccccccccc1", "tags": ["s:node"] } },
    { "signification": { "name": "B" }, "appearance": { "position": [8, 0, 0], "visible": true, "marker": { "primitive": "none" } }, "meta": { "uuid": "cccccccc-cccc-4ccc-8ccc-ccccccccccc2", "tags": ["s:node"] } }
  ],
  "lines": [
    {
      "signification": { "relation": { "structural": "association" }, "sense": "a_to_b" },
      "appearance": {
        "end_a": { "ref": "cccccccc-cccc-4ccc-8ccc-ccccccccccc1" },
        "end_b": { "ref": "cccccccc-cccc-4ccc-8ccc-ccccccccccc2" },
        "line_type": "straight",
        "line_style": "solid",
        "color": "#ff6666",
        "opacity": 0.7,
        "arrow": { "primitive": "none" },
        "visible": true,
        "renderOrder": 999
      },
      "meta": { "uuid": "cccccccc-cccc-4ccc-8ccc-ccccccccccc3", "tags": ["s:edge"] }
    }
  ],
  "aux": []
}
