{
  "document_meta": {
    "document_title": "invalid: missing marker.primitive",
    "document_summary": "marker.primitive required.",
    "document_uuid": "aaaaaaaa-aaaa-4aaa-8aaa-aaaaaaaaaaaa",
    "schema_uri": "https://q2t-project.github.io/3dsl/schemas/release/v1.1.3/3DSS.schema.json#v1.1.3",
    "author": "canonical",
    "version": "1.1.0",
    "tags": ["s:canonical", "m:invalid"],
    "coordinate_system": "Z+up/freeXY",
    "units": "non_si:px",
    "i18n": "ja",
    "updated_at": "2025-12-13T00:00:00Z"
  },
  "points": [
    {
      "signification": { "name": "P" },
      "appearance": { "position": [0, 0, 0], "visible": true, "marker": { "radius": 2.0 } },
      "meta": { "uuid": "aaaaaaaa-aaaa-4aaa-8aaa-aaaaaaaaaaab", "tags": ["s:node"] }
    }
  ],
  "lines": [],
  "aux": []
}
