{
  "document_meta": {
    "document_title": "Right/Left Hand Markers",
    "document_summary": "righthand_model.gltf at [256,0,0], lefthand_model.gltf at [-256,0,0].",
    "document_uuid": "7f2f2b0a-7c4d-4bb1-8a2d-4b4a0f35e8b1",
    "schema_uri": "https://q2t-project.github.io/3dsl/schemas/3DSS.schema.json#v1.1.1",
    "author": "q2t",
    "version": "1.0.0"
  },
  "points": [
    {
      "name": "righthand",
      "point_uuid": "b8f7c9b6-3f42-4f31-9c1e-5d0b1e9f7a01",
      "pos": [256, 0, 0],
      "appearance": {
        "marker": {
          "uri": "./righthand_model.gltf"
        }
      }
    },
    {
      "name": "lefthand",
      "point_uuid": "4d7a2c3e-9b18-4b0b-9a49-2f8d6b6c2f10",
      "pos": [-256, 0, 0],
      "appearance": {
        "marker": {
          "uri": "./lefthand_model.gltf"
        }
      }
    }
  ],
  "lines": [],
  "frames": [],
  "aux": {}
}
