{
  "lines": [
    {
      "signification": {
        "relation": {
          "structural": "association"
        },
        "sense": "a_to_b"
      },
      "appearance": {
        "end_a": {
          "ref": "c52555fc-1703-41c5-9dcb-f178bbe38b24"
        },
        "end_b": {
          "ref": "c57e5c82-6936-4cf2-944e-b3533db3209c"
        },
        "line_type": "straight",
        "line_style": "solid",
        "color": "#ffffff",
        "opacity": 1.0,
        "frames": [1, 2]
      },
      "meta": {
        "uuid": "92a544b4-4f1d-4f4a-b6ba-40ae83a2a998"
      }
    },
    {
      "signification": {
        "relation": {
          "structural": "association"
        },
        "sense": "a_to_b"
      },
      "appearance": {
        "end_a": {
          "ref": "c57e5c82-6936-4cf2-944e-b3533db3209c"
        },
        "end_b": {
          "ref": "2037640e-bd5f-4fed-a050-e759cee6c3d5"
        },
        "line_type": "straight",
        "line_style": "dashed",
        "color": "#ffaa00",
        "opacity": 0.9,
        "frames": 2
      },
      "meta": {
        "uuid": "a3be4b39-f542-4b5a-861b-f2b44aeb677c"
      }
    },
    {
      "signification": {
        "relation": {
          "structural": "association"
        },
        "sense": "a_to_b"
      },
      "appearance": {
        "end_a": {
          "ref": "2037640e-bd5f-4fed-a050-e759cee6c3d5"
        },
        "end_b": {
          "ref": "c52555fc-1703-41c5-9dcb-f178bbe38b24"
        },
        "line_type": "straight",
        "line_style": "solid",
        "color": "#8888ff",
        "opacity": 0.7,
        "frames": 2
      },
      "meta": {
        "uuid": "6ebd3014-004c-4078-8c03-1cb82b54d0d4"
      }
    },

    {
      "signification": {
        "relation": {
          "structural": "association"
        },
        "sense": "a_to_b"
      },
      "appearance": {
        "end_a": {
          "ref": "c52555fc-1703-41c5-9dcb-f178bbe38b24"
        },
        "end_b": {
          "ref": "8b2b3a95-11d8-4a4d-9bf3-01d9f3a1c001"
        },
        "line_type": "straight",
        "line_style": "solid",
        "color": "#ff8844",
        "opacity": 0.7,
        "frames": 2
      },
      "meta": {
        "uuid": "b1c4c3de-21f2-49cf-8b8b-111111111111"
      }
    },
    {
      "signification": {
        "relation": {
          "structural": "association"
        },
        "sense": "a_to_b"
      },
      "appearance": {
        "end_a": {
          "ref": "c57e5c82-6936-4cf2-944e-b3533db3209c"
        },
        "end_b": {
          "ref": "8b2b3a95-11d8-4a4d-9bf3-01d9f3a1c001"
        },
        "line_type": "straight",
        "line_style": "solid",
        "color": "#88ff44",
        "opacity": 0.7,
        "frames": 2
      },
      "meta": {
        "uuid": "b1c4c3de-21f2-49cf-8b8b-222222222222"
      }
    },
    {
      "signification": {
        "relation": {
          "structural": "association"
        },
        "sense": "a_to_b"
      },
      "appearance": {
        "end_a": {
          "ref": "2037640e-bd5f-4fed-a050-e759cee6c3d5"
        },
        "end_b": {
          "ref": "8b2b3a95-11d8-4a4d-9bf3-01d9f3a1c002"
        },
        "line_type": "straight",
        "line_style": "dashed",
        "color": "#ff66aa",
        "opacity": 0.8,
        "frames": 2
      },
      "meta": {
        "uuid": "b1c4c3de-21f2-49cf-8b8b-333333333333"
      }
    },
    {
      "signification": {
        "relation": {
          "structural": "association"
        },
        "sense": "a_to_b"
      },
      "appearance": {
        "end_a": {
          "ref": "2037640e-bd5f-4fed-a050-e759cee6c3d5"
        },
        "end_b": {
          "ref": "8b2b3a95-11d8-4a4d-9bf3-01d9f3a1c003"
        },
        "line_type": "straight",
        "line_style": "dashed",
        "color": "#66ffaa",
        "opacity": 0.8,
        "frames": 2
      },
      "meta": {
        "uuid": "b1c4c3de-21f2-49cf-8b8b-444444444444"
      }
    },
    {
      "signification": {
        "relation": {
          "structural": "association"
        },
        "sense": "a_to_b"
      },
      "appearance": {
        "end_a": {
          "ref": "8b2b3a95-11d8-4a4d-9bf3-01d9f3a1c001"
        },
        "end_b": {
          "ref": "8b2b3a95-11d8-4a4d-9bf3-01d9f3a1c004"
        },
        "line_type": "straight",
        "line_style": "solid",
        "color": "#6688ff",
        "opacity": 0.7,
        "frames": 2
      },
      "meta": {
        "uuid": "b1c4c3de-21f2-49cf-8b8b-555555555555"
      }
    },
    {
      "signification": {
        "relation": {
          "structural": "association"
        },
        "sense": "a_to_b"
      },
      "appearance": {
        "end_a": {
          "ref": "8b2b3a95-11d8-4a4d-9bf3-01d9f3a1c001"
        },
        "end_b": {
          "ref": "8b2b3a95-11d8-4a4d-9bf3-01d9f3a1c005"
        },
        "line_type": "straight",
        "line_style": "solid",
        "color": "#ff6688",
        "opacity": 0.7,
        "frames": 2
      },
      "meta": {
        "uuid": "b1c4c3de-21f2-49cf-8b8b-666666666666"
      }
    },
    {
      "signification": {
        "relation": {
          "structural": "association"
        },
        "sense": "a_to_b"
      },
      "appearance": {
        "end_a": {
          "ref": "8b2b3a95-11d8-4a4d-9bf3-01d9f3a1c002"
        },
        "end_b": {
          "ref": "8b2b3a95-11d8-4a4d-9bf3-01d9f3a1c004"
        },
        "line_type": "straight",
        "line_style": "solid",
        "color": "#ccccff",
        "opacity": 0.6,
        "frames": 2
      },
      "meta": {
        "uuid": "b1c4c3de-21f2-49cf-8b8b-777777777777"
      }
    },
    {
      "signification": {
        "relation": {
          "structural": "association"
        },
        "sense": "a_to_b"
      },
      "appearance": {
        "end_a": {
          "ref": "8b2b3a95-11d8-4a4d-9bf3-01d9f3a1c003"
        },
        "end_b": {
          "ref": "8b2b3a95-11d8-4a4d-9bf3-01d9f3a1c005"
        },
        "line_type": "straight",
        "line_style": "solid",
        "color": "#ffcccc",
        "opacity": 0.6,
        "frames": 2
      },
      "meta": {
        "uuid": "b1c4c3de-21f2-49cf-8b8b-888888888888"
      }
    },
    {
      "signification": {
        "relation": {
          "structural": "association"
        },
        "sense": "a_to_b"
      },
      "appearance": {
        "end_a": {
          "ref": "8b2b3a95-11d8-4a4d-9bf3-01d9f3a1c002"
        },
        "end_b": {
          "ref": "8b2b3a95-11d8-4a4d-9bf3-01d9f3a1c006"
        },
        "line_type": "straight",
        "line_style": "dashed",
        "color": "#ffff88",
        "opacity": 0.8,
        "frames": 2
      },
      "meta": {
        "uuid": "b1c4c3de-21f2-49cf-8b8b-999999999999"
      }
    },
    {
      "signification": {
        "relation": {
          "structural": "association"
        },
        "sense": "a_to_b"
      },
      "appearance": {
        "end_a": {
          "ref": "8b2b3a95-11d8-4a4d-9bf3-01d9f3a1c003"
        },
        "end_b": {
          "ref": "8b2b3a95-11d8-4a4d-9bf3-01d9f3a1c006"
        },
        "line_type": "straight",
        "line_style": "dashed",
        "color": "#88ffff",
        "opacity": 0.8,
        "frames": 2
      },
      "meta": {
        "uuid": "b1c4c3de-21f2-49cf-8b8b-aaaaaaaabbbb"
      }
    },
    {
      "signification": {
        "relation": {
          "structural": "association"
        },
        "sense": "a_to_b"
      },
      "appearance": {
        "end_a": {
          "ref": "8b2b3a95-11d8-4a4d-9bf3-01d9f3a1c004"
        },
        "end_b": {
          "ref": "8b2b3a95-11d8-4a4d-9bf3-01d9f3a1c006"
        },
        "line_type": "straight",
        "line_style": "solid",
        "color": "#8888ff",
        "opacity": 0.7,
        "frames": 2
      },
      "meta": {
        "uuid": "b1c4c3de-21f2-49cf-8b8b-ccccccccdddd"
      }
    },
    {
      "signification": {
        "relation": {
          "structural": "association"
        },
        "sense": "a_to_b"
      },
      "appearance": {
        "end_a": {
          "ref": "8b2b3a95-11d8-4a4d-9bf3-01d9f3a1c005"
        },
        "end_b": {
          "ref": "8b2b3a95-11d8-4a4d-9bf3-01d9f3a1c006"
        },
        "line_type": "straight",
        "line_style": "solid",
        "color": "#ff88ff",
        "opacity": 0.7,
        "frames": 2
      },
      "meta": {
        "uuid": "b1c4c3de-21f2-49cf-8b8b-eeeeeeeeffff"
      }
    }
  ],

  "points": [
    {
      "signification": {
        "name": "P0@frame0-2"
      },
      "appearance": {
        "position": [-1.0, 0.0, 0.0],
        "marker": {
          "common": {
            "color": "#ff5555",
            "opacity": 1.0
          }
        },
        "frames": [0, 1, 2]
      },
      "meta": {
        "uuid": "c52555fc-1703-41c5-9dcb-f178bbe38b24"
      }
    },
    {
      "signification": {
        "name": "P1@frame1-2"
      },
      "appearance": {
        "position": [1.0, 0.0, 0.0],
        "marker": {
          "common": {
            "color": "#55ff55",
            "opacity": 1.0
          }
        },
        "frames": [1, 2]
      },
      "meta": {
        "uuid": "c57e5c82-6936-4cf2-944e-b3533db3209c"
      }
    },
    {
      "signification": {
        "name": "P2@frame2"
      },
      "appearance": {
        "position": [0.0, 1.2, 0.0],
        "marker": {
          "common": {
            "color": "#5555ff",
            "opacity": 1.0
          }
        },
        "frames": 2
      },
      "meta": {
        "uuid": "2037640e-bd5f-4fed-a050-e759cee6c3d5"
      }
    },

    {
      "signification": {
        "name": "P3@frame2-bottom"
      },
      "appearance": {
        "position": [0.0, -1.2, 0.0],
        "marker": {
          "common": {
            "color": "#ffcc55",
            "opacity": 1.0
          }
        },
        "frames": 2
      },
      "meta": {
        "uuid": "8b2b3a95-11d8-4a4d-9bf3-01d9f3a1c001"
      }
    },
    {
      "signification": {
        "name": "P4@frame2-left-top"
      },
      "appearance": {
        "position": [-2.0, 0.8, 0.4],
        "marker": {
          "common": {
            "color": "#ff99ff",
            "opacity": 1.0
          }
        },
        "frames": 2
      },
      "meta": {
        "uuid": "8b2b3a95-11d8-4a4d-9bf3-01d9f3a1c002"
      }
    },
    {
      "signification": {
        "name": "P5@frame2-right-top"
      },
      "appearance": {
        "position": [2.0, 0.8, -0.4],
        "marker": {
          "common": {
            "color": "#99ffdd",
            "opacity": 1.0
          }
        },
        "frames": 2
      },
      "meta": {
        "uuid": "8b2b3a95-11d8-4a4d-9bf3-01d9f3a1c003"
      }
    },
    {
      "signification": {
        "name": "P6@frame2-left-bottom"
      },
      "appearance": {
        "position": [-2.0, -0.8, -0.4],
        "marker": {
          "common": {
            "color": "#55aaff",
            "opacity": 1.0
          }
        },
        "frames": 2
      },
      "meta": {
        "uuid": "8b2b3a95-11d8-4a4d-9bf3-01d9f3a1c004"
      }
    },
    {
      "signification": {
        "name": "P7@frame2-right-bottom"
      },
      "appearance": {
        "position": [2.0, -0.8, 0.4],
        "marker": {
          "common": {
            "color": "#ffaaee",
            "opacity": 1.0
          }
        },
        "frames": 2
      },
      "meta": {
        "uuid": "8b2b3a95-11d8-4a4d-9bf3-01d9f3a1c005"
      }
    },
    {
      "signification": {
        "name": "P8@frame2-center-front"
      },
      "appearance": {
        "position": [0.0, 0.0, 1.5],
        "marker": {
          "common": {
            "color": "#dddddd",
            "opacity": 1.0
          }
        },
        "frames": 2
      },
      "meta": {
        "uuid": "8b2b3a95-11d8-4a4d-9bf3-01d9f3a1c006"
      }
    }
  ],

  "aux": [
    {
      "appearance": {
        "position": [0.0, 0.0, 0.0],
        "orientation": [0.0, 0.0, 0.0],
        "opacity": 0.4,
        "module": {
          "grid": {
            "grid_type": "cartesian",
            "subdivisions": 64 ,
            "major_step": 4,
            "minor_step": 1,
            "color_major": "#666666",
            "color_minor": "#333333"
          },
          "axis": {
            "length": 8,
            "labels": true,
            "arrow": {
              "enabled": true,
              "size": 2,
              "aspect": 2
            }
          },
          "plate": {
            "plane": "zx",
            "position": [0, 0, 0],
            "size": [64, 128],
            "reflectivity": 0.5,
            "opacity": 0.5
          }
        }
      },
      "meta": {
        "uuid": "aaaaaaaa-1111-4111-8111-aaaaaaaaaaaa"
      }
    }
  ],

  "document_meta": {
    "document_uuid": "ff92f809-c7b1-4d28-8da0-83f049b45051",
    "schema_uri": "https://q2t-project.github.io/3dsl/schemas/3DSS.schema.json#v1.0.1",
    "author": "3dsl-frame-test",
    "version": "1.0.0",
    "coordinate_system": "Z+up/freeXY",
    "units": "mm",
    "i18n": "ja",
    "creator_memo": "frame=0/1/2 で points / lines が段階的＋密度的に増える microFX テスト用 3DSS（v1.0.1 準拠 / marker.common.color 統一）。"
  }
}
