{
  "document_meta": {
    "document_uuid": "deadbeef-dead-4bad-8dad-deadbeef0001",
    "version": "0.1.0",
    "updated_at": "2025-11-25T00:00:00Z",
    "tags": [
      "s:neuro-brain",
      "m:3dss-demo"
    ],
    "schema_uri": "https://q2t-project.github.io/3dsl/schemas/3DSS.schema.json#v1.0.1",
    "generator": "https://q2t-project.github.io/3dsl/",
    "reference": "Brain layers demo: anatomy, transmission, recognition",
    "coordinate_system": "Z+up/freeXY",
    "units": "mm",
    "i18n": "ja",
    "author": "q2t-project",
    "creator_memo": "frame 0=anatomy, frame 1=neural transmission, frame 2=recognition/cognition. All points share coordinates across frames."
  },

  "points": [
    {
      "signification": {
        "name": {
          "ja": "右耳（外耳）",
          "en": "Right ear"
        }
      },
      "appearance": {
        "position": [100, 0, 0],
        "marker": {
          "shape": "sphere",
          "common": {
            "scale": [2, 2, 2],
            "color": "#ff5555",
            "opacity": 0.9,
            "emissive": true,
            "wireframe": false
          }
        },
        "visible": true,
        "frames": [0, 1, 2]
      },
      "meta": {
        "uuid": "11111111-1111-4111-8111-111111111111",
        "tags": [
          "s:sensory",
          "m:ear-right"
        ],
        "creator_memo": "Right outer ear; origin of auditory input."
      }
    },
    {
      "signification": {
        "name": {
          "ja": "左耳（外耳）",
          "en": "Left ear"
        }
      },
      "appearance": {
        "position": [-100, 0, 0],
        "marker": {
          "shape": "sphere",
          "common": {
            "scale": [2, 2, 2],
            "color": "#ff5555",
            "opacity": 0.9,
            "emissive": true,
            "wireframe": false
          }
        },
        "visible": true,
        "frames": [0, 1, 2]
      },
      "meta": {
        "uuid": "22222222-2222-4222-8222-222222222222",
        "tags": [
          "s:sensory",
          "m:ear-left"
        ],
        "creator_memo": "Left outer ear; origin of auditory input."
      }
    },
    {
      "signification": {
        "name": {
          "ja": "頭頂",
          "en": "Vertex"
        }
      },
      "appearance": {
        "position": [0, 0, 100],
        "marker": {
          "shape": "sphere",
          "common": {
            "scale": [1.5, 1.5, 1.5],
            "color": "#aaaaaa",
            "opacity": 0.6,
            "emissive": false,
            "wireframe": false
          }
        },
        "visible": true,
        "frames": [0, 1, 2]
      },
      "meta": {
        "uuid": "33333333-3333-4333-8333-333333333333",
        "tags": [
          "s:landmark",
          "m:vertex"
        ],
        "creator_memo": "Top of head as geometric landmark."
      }
    },
    {
      "signification": {
        "name": {
          "ja": "右眼",
          "en": "Right eye"
        }
      },
      "appearance": {
        "position": [50, 100, 0],
        "marker": {
          "shape": "sphere",
          "common": {
            "scale": [2, 2, 2],
            "color": "#ff5555",
            "opacity": 0.9,
            "emissive": true,
            "wireframe": false
          },
          "text":{
            "content": "右眼"
          }
        },
        "visible": true,
        "frames": [0, 1, 2]
      },
      "meta": {
        "uuid": "44444444-4444-4444-8444-444444444444",
        "tags": [
          "s:sensory",
          "m:eye-right"
        ],
        "creator_memo": "Right eye; origin of visual input (simplified)."
      }
    },
    {
      "signification": {
        "name": {
          "ja": "左眼",
          "en": "Left eye"
        }
      },
      "appearance": {
        "position": [-50, 100, 0],
        "marker": {
          "shape": "sphere",
          "common": {
            "scale": [2, 2, 2],
            "color": "#ff5555",
            "opacity": 0.9,
            "emissive": true,
            "wireframe": false
          },
          "text": {}
        },
        "visible": true,
        "frames": [0, 1, 2]
      },
      "meta": {
        "uuid": "55555555-5555-4555-8555-555555555555",
        "tags": [
          "s:sensory",
          "m:eye-left"
        ],
        "creator_memo": "Left eye; origin of visual input (simplified)."
      }
    },
    {
      "signification": {
        "name": {
          "ja": "脳幹",
          "en": "Brainstem"
        }
      },
      "appearance": {
        "position": [0, -60, -40],
        "marker": {
          "shape": "box",
          "common": {
            "scale": [2, 2, 3],
            "color": "#55ff55",
            "opacity": 0.7,
            "emissive": false,
            "wireframe": false
          }
        },
        "visible": true,
        "frames": [0, 1, 2]
      },
      "meta": {
        "uuid": "66666666-6666-4666-8666-666666666666",
        "tags": [
          "s:subcortical",
          "m:brainstem"
        ],
        "creator_memo": "Brainstem / relay to higher centers."
      }
    },
    {
      "signification": {
        "name": {
          "ja": "視床",
          "en": "Thalamus"
        }
      },
      "appearance": {
        "position": [0, 0, 20],
        "marker": {
          "shape": "sphere",
          "common": {
            "scale": [2, 2, 2],
            "color": "#55ff55",
            "opacity": 0.8,
            "emissive": false,
            "wireframe": false
          }
        },
        "visible": true,
        "frames": [0, 1, 2]
      },
      "meta": {
        "uuid": "77777777-7777-4777-8777-777777777777",
        "tags": [
          "s:subcortical",
          "m:thalamus"
        ],
        "creator_memo": "Thalamus as central relay node."
      }
    },
    {
      "signification": {
        "name": {
          "ja": "一次聴覚野（右）",
          "en": "Primary auditory cortex (R)"
        }
      },
      "appearance": {
        "position": [40, 10, 40],
        "marker": {
          "shape": "sphere",
          "common": {
            "scale": [2.2, 2.2, 2.2],
            "color": "#5599ff",
            "opacity": 0.8,
            "emissive": false,
            "wireframe": false
          }
        },
        "visible": true,
        "frames": [0, 1, 2]
      },
      "meta": {
        "uuid": "88888888-8888-4888-8888-888888888888",
        "tags": [
          "s:cortex",
          "m:a1-right"
        ],
        "creator_memo": "Right primary auditory cortex (simplified position)."
      }
    },
    {
      "signification": {
        "name": {
          "ja": "一次聴覚野（左）",
          "en": "Primary auditory cortex (L)"
        }
      },
      "appearance": {
        "position": [-40, 10, 40],
        "marker": {
          "shape": "sphere",
          "common": {
            "scale": [2.2, 2.2, 2.2],
            "color": "#5599ff",
            "opacity": 0.8,
            "emissive": false,
            "wireframe": false
          }
        },
        "visible": true,
        "frames": [0, 1, 2]
      },
      "meta": {
        "uuid": "99999999-9999-4999-8999-999999999999",
        "tags": [
          "s:cortex",
          "m:a1-left"
        ],
        "creator_memo": "Left primary auditory cortex (simplified position)."
      }
    },
    {
      "signification": {
        "name": {
          "ja": "一次視覚野（右）",
          "en": "Primary visual cortex (R)"
        }
      },
      "appearance": {
        "position": [20, -90, 40],
        "marker": {
          "shape": "sphere",
          "common": {
            "scale": [2.2, 2.2, 2.2],
            "color": "#5599ff",
            "opacity": 0.8,
            "emissive": false,
            "wireframe": false
          }
        },
        "visible": true,
        "frames": [0, 1, 2]
      },
      "meta": {
        "uuid": "aaaaaaaa-aaaa-4aaa-8aaa-aaaaaaaaaaaa",
        "tags": [
          "s:cortex",
          "m:v1-right"
        ],
        "creator_memo": "Right primary visual cortex (simplified occipital position)."
      }
    },
    {
      "signification": {
        "name": {
          "ja": "一次視覚野（左）",
          "en": "Primary visual cortex (L)"
        }
      },
      "appearance": {
        "position": [-20, -90, 40],
        "marker": {
          "shape": "sphere",
          "common": {
            "scale": [2.2, 2.2, 2.2],
            "color": "#5599ff",
            "opacity": 0.8,
            "emissive": false,
            "wireframe": false
          }
        },
        "visible": true,
        "frames": [0, 1, 2]
      },
      "meta": {
        "uuid": "bbbbbbbb-bbbb-4bbb-8bbb-bbbbbbbbbbbb",
        "tags": [
          "s:cortex",
          "m:v1-left"
        ],
        "creator_memo": "Left primary visual cortex (simplified occipital position)."
      }
    },
    {
      "signification": {
        "name": {
          "ja": "側頭連合野",
          "en": "Temporal association area"
        }
      },
      "appearance": {
        "position": [0, 10, 60],
        "marker": {
          "shape": "sphere",
          "common": {
            "scale": [2.4, 2.4, 2.4],
            "color": "#aa55ff",
            "opacity": 0.8,
            "emissive": false,
            "wireframe": false
          }
        },
        "visible": true,
        "frames": [0, 1, 2]
      },
      "meta": {
        "uuid": "cccccccc-cccc-4ccc-8ccc-cccccccccccc",
        "tags": [
          "s:association",
          "m:temporal-assoc"
        ],
        "creator_memo": "Multimodal association area receiving auditory/visual inputs."
      }
    },
    {
      "signification": {
        "name": {
          "ja": "前頭前野",
          "en": "Prefrontal cortex"
        }
      },
      "appearance": {
        "position": [0, 60, 60],
        "marker": {
          "shape": "sphere",
          "common": {
            "scale": [2.6, 2.6, 2.6],
            "color": "#aa55ff",
            "opacity": 0.85,
            "emissive": false,
            "wireframe": false
          }
        },
        "visible": true,
        "frames": [0, 1, 2]
      },
      "meta": {
        "uuid": "dddddddd-dddd-4ddd-8ddd-dddddddddddd",
        "tags": [
          "s:association",
          "m:prefrontal"
        ],
        "creator_memo": "Higher-order decision / working memory node."
      }
    },
    {
      "signification": {
        "name": {
          "ja": "海馬（右）",
          "en": "Hippocampus (R)"
        }
      },
      "appearance": {
        "position": [20, -20, 20],
        "marker": {
          "shape": "box",
          "common": {
            "scale": [2, 2, 2],
            "color": "#55ff55",
            "opacity": 0.8,
            "emissive": false,
            "wireframe": false
          }
        },
        "visible": true,
        "frames": [0, 1, 2]
      },
      "meta": {
        "uuid": "eeeeeeee-eeee-4eee-8eee-eeeeeeeeeeee",
        "tags": [
          "s:subcortical",
          "m:hippocampus-right"
        ],
        "creator_memo": "Right hippocampus; episodic memory encoding (simplified)."
      }
    },
    {
      "signification": {
        "name": {
          "ja": "海馬（左）",
          "en": "Hippocampus (L)"
        }
      },
      "appearance": {
        "position": [-20, -20, 20],
        "marker": {
          "shape": "box",
          "common": {
            "scale": [2, 2, 2],
            "color": "#55ff55",
            "opacity": 0.8,
            "emissive": false,
            "wireframe": false
          }
        },
        "visible": true,
        "frames": [0, 1, 2]
      },
      "meta": {
        "uuid": "ffffffff-ffff-4fff-8fff-ffffffffffff",
        "tags": [
          "s:subcortical",
          "m:hippocampus-left"
        ],
        "creator_memo": "Left hippocampus; episodic memory encoding (simplified)."
      }
    },
    {
      "signification": {
        "name": {
          "ja": "ウェルニッケ野",
          "en": "Wernicke area"
        }
      },
      "appearance": {
        "position": [-30, 0, 50],
        "marker": {
          "shape": "sphere",
          "common": {
            "scale": [2.4, 2.4, 2.4],
            "color": "#aa55ff",
            "opacity": 0.85,
            "emissive": false,
            "wireframe": false
          }
        },
        "visible": true,
        "frames": [0, 1, 2]
      },
      "meta": {
        "uuid": "12345678-1234-4234-8234-123412341234",
        "tags": [
          "s:association",
          "m:wernicke"
        ],
        "creator_memo": "Language comprehension node (simplified, left dominant)."
      }
    },
    {
      "signification": {
        "name": {
          "ja": "ブローカ野",
          "en": "Broca area"
        }
      },
      "appearance": {
        "position": [-20, 40, 50],
        "marker": {
          "shape": "sphere",
          "common": {
            "scale": [2.4, 2.4, 2.4],
            "color": "#aa55ff",
            "opacity": 0.85,
            "emissive": false,
            "wireframe": false
          }
        },
        "visible": true,
        "frames": [0, 1, 2]
      },
      "meta": {
        "uuid": "23456789-2345-4345-8345-234523452345",
        "tags": [
          "s:association",
          "m:broca"
        ],
        "creator_memo": "Language production node (simplified, left frontal)."
      }
    }
  ],

  "lines": [
    {
      "signification": {
        "relation": {
          "structural": "association"
        },
        "sense": "a_to_b"
      },
      "appearance": {
        "end_a": {
          "ref": "11111111-1111-4111-8111-111111111111"
        },
        "end_b": {
          "ref": "66666666-6666-4666-8666-666666666666"
        },
        "line_type": "straight",
        "line_style": "solid",
        "color": "#888888",
        "opacity": 0.5,
        "renderOrder": 0,
        "arrow": {
          "shape": "cone",
          "size": 6,
          "aspect": 2,
          "placement": "none",
          "auto_orient": true
        },
        "effect": {
          "effect_type": "none",
          "amplitude": 0,
          "speed": 0,
          "duration": 0,
          "loop": false,
          "phase": 0,
          "easing": "linear",
          "width": 1
        },
        "visible": true,
        "frames": [0]
      },
      "meta": {
        "uuid": "01010101-0101-4101-8101-010101010101",
        "tags": [
          "s:anatomy",
          "m:earR-brainstem"
        ],
        "creator_memo": "Structural adjacency: right ear to brainstem."
      }
    },
    {
      "signification": {
        "relation": {
          "structural": "association"
        },
        "sense": "a_to_b"
      },
      "appearance": {
        "end_a": {
          "ref": "22222222-2222-4222-8222-222222222222"
        },
        "end_b": {
          "ref": "66666666-6666-4666-8666-666666666666"
        },
        "line_type": "straight",
        "line_style": "solid",
        "color": "#888888",
        "opacity": 0.5,
        "renderOrder": 0,
        "arrow": {
          "shape": "cone",
          "size": 6,
          "aspect": 2,
          "placement": "none",
          "auto_orient": true
        },
        "effect": {
          "effect_type": "none",
          "amplitude": 0,
          "speed": 0,
          "duration": 0,
          "loop": false,
          "phase": 0,
          "easing": "linear",
          "width": 1
        },
        "visible": true,
        "frames": [0]
      },
      "meta": {
        "uuid": "02020202-0202-4202-8202-020202020202",
        "tags": [
          "s:anatomy",
          "m:earL-brainstem"
        ],
        "creator_memo": "Structural adjacency: left ear to brainstem."
      }
    },
    {
      "signification": {
        "relation": {
          "structural": "association"
        },
        "sense": "a_to_b"
      },
      "appearance": {
        "end_a": {
          "ref": "44444444-4444-4444-8444-444444444444"
        },
        "end_b": {
          "ref": "77777777-7777-4777-8777-777777777777"
        },
        "line_type": "straight",
        "line_style": "solid",
        "color": "#888888",
        "opacity": 0.5,
        "renderOrder": 0,
        "arrow": {
          "shape": "cone",
          "size": 6,
          "aspect": 2,
          "placement": "none",
          "auto_orient": true
        },
        "effect": {
          "effect_type": "none",
          "amplitude": 0,
          "speed": 0,
          "duration": 0,
          "loop": false,
          "phase": 0,
          "easing": "linear",
          "width": 1
        },
        "visible": true,
        "frames": [0]
      },
      "meta": {
        "uuid": "03030303-0303-4303-8303-030303030303",
        "tags": [
          "s:anatomy",
          "m:eyeR-thalamus"
        ],
        "creator_memo": "Structural adjacency: right eye to thalamus (simplified optic relay)."
      }
    },
    {
      "signification": {
        "relation": {
          "structural": "association"
        },
        "sense": "a_to_b"
      },
      "appearance": {
        "end_a": {
          "ref": "55555555-5555-4555-8555-555555555555"
        },
        "end_b": {
          "ref": "77777777-7777-4777-8777-777777777777"
        },
        "line_type": "straight",
        "line_style": "solid",
        "color": "#888888",
        "opacity": 0.5,
        "renderOrder": 0,
        "arrow": {
          "shape": "cone",
          "size": 6,
          "aspect": 2,
          "placement": "none",
          "auto_orient": true
        },
        "effect": {
          "effect_type": "none",
          "amplitude": 0,
          "speed": 0,
          "duration": 0,
          "loop": false,
          "phase": 0,
          "easing": "linear",
          "width": 1
        },
        "visible": true,
        "frames": [0]
      },
      "meta": {
        "uuid": "04040404-0404-4404-8404-040404040404",
        "tags": [
          "s:anatomy",
          "m:eyeL-thalamus"
        ],
        "creator_memo": "Structural adjacency: left eye to thalamus."
      }
    },
    {
      "signification": {
        "relation": {
          "structural": "containment"
        },
        "sense": "neutral"
      },
      "appearance": {
        "end_a": {
          "ref": "77777777-7777-4777-8777-777777777777"
        },
        "end_b": {
          "ref": "33333333-3333-4333-8333-333333333333"
        },
        "line_type": "straight",
        "line_style": "dotted",
        "color": "#666666",
        "opacity": 0.4,
        "renderOrder": 0,
        "arrow": {
          "shape": "cone",
          "size": 4,
          "aspect": 2,
          "placement": "none",
          "auto_orient": true
        },
        "effect": {
          "effect_type": "none",
          "amplitude": 0,
          "speed": 0,
          "duration": 0,
          "loop": false,
          "phase": 0,
          "easing": "linear",
          "width": 1
        },
        "visible": true,
        "frames": [0]
      },
      "meta": {
        "uuid": "05050505-0505-4505-8505-050505050505",
        "tags": [
          "s:anatomy",
          "m:thalamus-vertex"
        ],
        "creator_memo": "Axis-like structural line toward vertex (hemisphere shape hint)."
      }
    },

    {
      "signification": {
        "relation": {
          "dynamic": "flow"
        },
        "sense": "a_to_b"
      },
      "appearance": {
        "end_a": {
          "ref": "11111111-1111-4111-8111-111111111111"
        },
        "end_b": {
          "ref": "77777777-7777-4777-8777-777777777777"
        },
        "line_type": "straight",
        "line_style": "solid",
        "color": "#ff8800",
        "opacity": 0.9,
        "renderOrder": 1,
        "arrow": {
          "shape": "cone",
          "size": 8,
          "aspect": 2,
          "placement": "end_b",
          "auto_orient": true
        },
        "effect": {
          "effect_type": "flow",
          "amplitude": 1,
          "speed": 1,
          "duration": 1,
          "loop": true,
          "phase": 0,
          "easing": "linear",
          "width": 2
        },
        "visible": true,
        "frames": [1]
      },
      "meta": {
        "uuid": "06060606-0606-4606-8606-060606060606",
        "tags": [
          "s:neuro-flow",
          "m:auditoryR-ear-to-thalamus"
        ],
        "creator_memo": "Auditory afferent (right ear to thalamus)."
      }
    },
    {
      "signification": {
        "relation": {
          "dynamic": "flow"
        },
        "sense": "a_to_b"
      },
      "appearance": {
        "end_a": {
          "ref": "22222222-2222-4222-8222-222222222222"
        },
        "end_b": {
          "ref": "77777777-7777-4777-8777-777777777777"
        },
        "line_type": "straight",
        "line_style": "solid",
        "color": "#ff8800",
        "opacity": 0.9,
        "renderOrder": 1,
        "arrow": {
          "shape": "cone",
          "size": 8,
          "aspect": 2,
          "placement": "end_b",
          "auto_orient": true
        },
        "effect": {
          "effect_type": "flow",
          "amplitude": 1,
          "speed": 1,
          "duration": 1,
          "loop": true,
          "phase": 0,
          "easing": "linear",
          "width": 2
        },
        "visible": true,
        "frames": [1]
      },
      "meta": {
        "uuid": "07070707-0707-4707-8707-070707070707",
        "tags": [
          "s:neuro-flow",
          "m:auditoryL-ear-to-thalamus"
        ],
        "creator_memo": "Auditory afferent (left ear to thalamus)."
      }
    },
    {
      "signification": {
        "relation": {
          "dynamic": "flow"
        },
        "sense": "a_to_b"
      },
      "appearance": {
        "end_a": {
          "ref": "77777777-7777-4777-8777-777777777777"
        },
        "end_b": {
          "ref": "88888888-8888-4888-8888-888888888888"
        },
        "line_type": "straight",
        "line_style": "solid",
        "color": "#ff8800",
        "opacity": 0.9,
        "renderOrder": 1,
        "arrow": {
          "shape": "cone",
          "size": 8,
          "aspect": 2,
          "placement": "end_b",
          "auto_orient": true
        },
        "effect": {
          "effect_type": "flow",
          "amplitude": 1,
          "speed": 1,
          "duration": 1,
          "loop": true,
          "phase": 0,
          "easing": "linear",
          "width": 2
        },
        "visible": true,
        "frames": [1]
      },
      "meta": {
        "uuid": "08080808-0808-4808-8808-080808080808",
        "tags": [
          "s:neuro-flow",
          "m:thalamus-to-a1R"
        ],
        "creator_memo": "Thalamus to right primary auditory cortex."
      }
    },
    {
      "signification": {
        "relation": {
          "dynamic": "flow"
        },
        "sense": "a_to_b"
      },
      "appearance": {
        "end_a": {
          "ref": "77777777-7777-4777-8777-777777777777"
        },
        "end_b": {
          "ref": "99999999-9999-4999-8999-999999999999"
        },
        "line_type": "straight",
        "line_style": "solid",
        "color": "#ff8800",
        "opacity": 0.9,
        "renderOrder": 1,
        "arrow": {
          "shape": "cone",
          "size": 8,
          "aspect": 2,
          "placement": "end_b",
          "auto_orient": true
        },
        "effect": {
          "effect_type": "flow",
          "amplitude": 1,
          "speed": 1,
          "duration": 1,
          "loop": true,
          "phase": 0,
          "easing": "linear",
          "width": 2
        },
        "visible": true,
        "frames": [1]
      },
      "meta": {
        "uuid": "09090909-0909-4909-8909-090909090909",
        "tags": [
          "s:neuro-flow",
          "m:thalamus-to-a1L"
        ],
        "creator_memo": "Thalamus to left primary auditory cortex."
      }
    },
    {
      "signification": {
        "relation": {
          "dynamic": "flow"
        },
        "sense": "a_to_b"
      },
      "appearance": {
        "end_a": {
          "ref": "44444444-4444-4444-8444-444444444444"
        },
        "end_b": {
          "ref": "77777777-7777-4777-8777-777777777777"
        },
        "line_type": "straight",
        "line_style": "solid",
        "color": "#ff8800",
        "opacity": 0.9,
        "renderOrder": 1,
        "arrow": {
          "shape": "cone",
          "size": 8,
          "aspect": 2,
          "placement": "end_b",
          "auto_orient": true
        },
        "effect": {
          "effect_type": "flow",
          "amplitude": 1,
          "speed": 1,
          "duration": 1,
          "loop": true,
          "phase": 0,
          "easing": "linear",
          "width": 2
        },
        "visible": true,
        "frames": [1]
      },
      "meta": {
        "uuid": "10101010-1010-4010-8010-101010101010",
        "tags": [
          "s:neuro-flow",
          "m:opticR-eye-to-thalamus"
        ],
        "creator_memo": "Visual afferent (right eye to thalamus; simplified chiasm omitted)."
      }
    },
    {
      "signification": {
        "relation": {
          "dynamic": "flow"
        },
        "sense": "a_to_b"
      },
      "appearance": {
        "end_a": {
          "ref": "55555555-5555-4555-8555-555555555555"
        },
        "end_b": {
          "ref": "77777777-7777-4777-8777-777777777777"
        },
        "line_type": "straight",
        "line_style": "solid",
        "color": "#ff8800",
        "opacity": 0.9,
        "renderOrder": 1,
        "arrow": {
          "shape": "cone",
          "size": 8,
          "aspect": 2,
          "placement": "end_b",
          "auto_orient": true
        },
        "effect": {
          "effect_type": "flow",
          "amplitude": 1,
          "speed": 1,
          "duration": 1,
          "loop": true,
          "phase": 0,
          "easing": "linear",
          "width": 2
        },
        "visible": true,
        "frames": [1]
      },
      "meta": {
        "uuid": "12121212-1212-4212-8212-121212121212",
        "tags": [
          "s:neuro-flow",
          "m:opticL-eye-to-thalamus"
        ],
        "creator_memo": "Visual afferent (left eye to thalamus; simplified)."
      }
    },
    {
      "signification": {
        "relation": {
          "dynamic": "flow"
        },
        "sense": "a_to_b"
      },
      "appearance": {
        "end_a": {
          "ref": "77777777-7777-4777-8777-777777777777"
        },
        "end_b": {
          "ref": "aaaaaaaa-aaaa-4aaa-8aaa-aaaaaaaaaaaa"
        },
        "line_type": "straight",
        "line_style": "solid",
        "color": "#ff8800",
        "opacity": 0.9,
        "renderOrder": 1,
        "arrow": {
          "shape": "cone",
          "size": 8,
          "aspect": 2,
          "placement": "end_b",
          "auto_orient": true
        },
        "effect": {
          "effect_type": "flow",
          "amplitude": 1,
          "speed": 1,
          "duration": 1,
          "loop": true,
          "phase": 0,
          "easing": "linear",
          "width": 2
        },
        "visible": true,
        "frames": [1]
      },
      "meta": {
        "uuid": "13131313-1313-4313-8313-131313131313",
        "tags": [
          "s:neuro-flow",
          "m:thalamus-to-v1R"
        ],
        "creator_memo": "Thalamus to right primary visual cortex."
      }
    },
    {
      "signification": {
        "relation": {
          "dynamic": "flow"
        },
        "sense": "a_to_b"
      },
      "appearance": {
        "end_a": {
          "ref": "77777777-7777-4777-8777-777777777777"
        },
        "end_b": {
          "ref": "bbbbbbbb-bbbb-4bbb-8bbb-bbbbbbbbbbbb"
        },
        "line_type": "straight",
        "line_style": "solid",
        "color": "#ff8800",
        "opacity": 0.9,
        "renderOrder": 1,
        "arrow": {
          "shape": "cone",
          "size": 8,
          "aspect": 2,
          "placement": "end_b",
          "auto_orient": true
        },
        "effect": {
          "effect_type": "flow",
          "amplitude": 1,
          "speed": 1,
          "duration": 1,
          "loop": true,
          "phase": 0,
          "easing": "linear",
          "width": 2
        },
        "visible": true,
        "frames": [1]
      },
      "meta": {
        "uuid": "14141414-1414-4414-8414-141414141414",
        "tags": [
          "s:neuro-flow",
          "m:thalamus-to-v1L"
        ],
        "creator_memo": "Thalamus to left primary visual cortex."
      }
    },
    {
      "signification": {
        "relation": {
          "dynamic": "flow"
        },
        "sense": "a_to_b"
      },
      "appearance": {
        "end_a": {
          "ref": "77777777-7777-4777-8777-777777777777"
        },
        "end_b": {
          "ref": "eeeeeeee-eeee-4eee-8eee-eeeeeeeeeeee"
        },
        "line_type": "straight",
        "line_style": "solid",
        "color": "#ff8800",
        "opacity": 0.9,
        "renderOrder": 1,
        "arrow": {
          "shape": "cone",
          "size": 8,
          "aspect": 2,
          "placement": "end_b",
          "auto_orient": true
        },
        "effect": {
          "effect_type": "flow",
          "amplitude": 1,
          "speed": 1,
          "duration": 1,
          "loop": true,
          "phase": 0,
          "easing": "linear",
          "width": 2
        },
        "visible": true,
        "frames": [1]
      },
      "meta": {
        "uuid": "15151515-1515-4515-8515-151515151515",
        "tags": [
          "s:neuro-flow",
          "m:thalamus-to-hippR"
        ],
        "creator_memo": "Thalamus to right hippocampus (context/memory gating)."
      }
    },
    {
      "signification": {
        "relation": {
          "dynamic": "flow"
        },
        "sense": "a_to_b"
      },
      "appearance": {
        "end_a": {
          "ref": "77777777-7777-4777-8777-777777777777"
        },
        "end_b": {
          "ref": "ffffffff-ffff-4fff-8fff-ffffffffffff"
        },
        "line_type": "straight",
        "line_style": "solid",
        "color": "#ff8800",
        "opacity": 0.9,
        "renderOrder": 1,
        "arrow": {
          "shape": "cone",
          "size": 8,
          "aspect": 2,
          "placement": "end_b",
          "auto_orient": true
        },
        "effect": {
          "effect_type": "flow",
          "amplitude": 1,
          "speed": 1,
          "duration": 1,
          "loop": true,
          "phase": 0,
          "easing": "linear",
          "width": 2
        },
        "visible": true,
        "frames": [1]
      },
      "meta": {
        "uuid": "16161616-1616-4616-8616-161616161616",
        "tags": [
          "s:neuro-flow",
          "m:thalamus-to-hippL"
        ],
        "creator_memo": "Thalamus to left hippocampus."
      }
    },

    {
      "signification": {
        "relation": {
          "dynamic": "transformation"
        },
        "sense": "a_to_b"
      },
      "appearance": {
        "end_a": {
          "ref": "88888888-8888-4888-8888-888888888888"
        },
        "end_b": {
          "ref": "cccccccc-cccc-4ccc-8ccc-cccccccccccc"
        },
        "line_type": "straight",
        "line_style": "solid",
        "color": "#00ccff",
        "opacity": 0.95,
        "renderOrder": 2,
        "arrow": {
          "shape": "cone",
          "size": 8,
          "aspect": 2,
          "placement": "end_b",
          "auto_orient": true
        },
        "effect": {
          "effect_type": "flow",
          "amplitude": 1,
          "speed": 1,
          "duration": 1,
          "loop": true,
          "phase": 0.2,
          "easing": "ease-in-out",
          "width": 2
        },
        "visible": true,
        "frames": [2]
      },
      "meta": {
        "uuid": "17171717-1717-4717-8717-171717171717",
        "tags": [
          "s:recognition",
          "m:a1R-to-assoc"
        ],
        "creator_memo": "Auditory pattern -> multimodal association (right)."
      }
    },
    {
      "signification": {
        "relation": {
          "dynamic": "transformation"
        },
        "sense": "a_to_b"
      },
      "appearance": {
        "end_a": {
          "ref": "99999999-9999-4999-8999-999999999999"
        },
        "end_b": {
          "ref": "cccccccc-cccc-4ccc-8ccc-cccccccccccc"
        },
        "line_type": "straight",
        "line_style": "solid",
        "color": "#00ccff",
        "opacity": 0.95,
        "renderOrder": 2,
        "arrow": {
          "shape": "cone",
          "size": 8,
          "aspect": 2,
          "placement": "end_b",
          "auto_orient": true
        },
        "effect": {
          "effect_type": "flow",
          "amplitude": 1,
          "speed": 1,
          "duration": 1,
          "loop": true,
          "phase": 0.25,
          "easing": "ease-in-out",
          "width": 2
        },
        "visible": true,
        "frames": [2]
      },
      "meta": {
        "uuid": "18181818-1818-4818-8818-181818181818",
        "tags": [
          "s:recognition",
          "m:a1L-to-assoc"
        ],
        "creator_memo": "Auditory pattern -> multimodal association (left)."
      }
    },
    {
      "signification": {
        "relation": {
          "dynamic": "transformation"
        },
        "sense": "a_to_b"
      },
      "appearance": {
        "end_a": {
          "ref": "aaaaaaaa-aaaa-4aaa-8aaa-aaaaaaaaaaaa"
        },
        "end_b": {
          "ref": "cccccccc-cccc-4ccc-8ccc-cccccccccccc"
        },
        "line_type": "straight",
        "line_style": "solid",
        "color": "#00ccff",
        "opacity": 0.95,
        "renderOrder": 2,
        "arrow": {
          "shape": "cone",
          "size": 8,
          "aspect": 2,
          "placement": "end_b",
          "auto_orient": true
        },
        "effect": {
          "effect_type": "flow",
          "amplitude": 1,
          "speed": 1,
          "duration": 1,
          "loop": true,
          "phase": 0.3,
          "easing": "ease-in-out",
          "width": 2
        },
        "visible": true,
        "frames": [2]
      },
      "meta": {
        "uuid": "19191919-1919-4919-8919-191919191919",
        "tags": [
          "s:recognition",
          "m:v1R-to-assoc"
        ],
        "creator_memo": "Visual pattern -> multimodal association (right)."
      }
    },
    {
      "signification": {
        "relation": {
          "dynamic": "transformation"
        },
        "sense": "a_to_b"
      },
      "appearance": {
        "end_a": {
          "ref": "bbbbbbbb-bbbb-4bbb-8bbb-bbbbbbbbbbbb"
        },
        "end_b": {
          "ref": "cccccccc-cccc-4ccc-8ccc-cccccccccccc"
        },
        "line_type": "straight",
        "line_style": "solid",
        "color": "#00ccff",
        "opacity": 0.95,
        "renderOrder": 2,
        "arrow": {
          "shape": "cone",
          "size": 8,
          "aspect": 2,
          "placement": "end_b",
          "auto_orient": true
        },
        "effect": {
          "effect_type": "flow",
          "amplitude": 1,
          "speed": 1,
          "duration": 1,
          "loop": true,
          "phase": 0.35,
          "easing": "ease-in-out",
          "width": 2
        },
        "visible": true,
        "frames": [2]
      },
      "meta": {
        "uuid": "1a1a1a1a-1a1a-4a1a-8a1a-1a1a1a1a1a1a",
        "tags": [
          "s:recognition",
          "m:v1L-to-assoc"
        ],
        "creator_memo": "Visual pattern -> multimodal association (left)."
      }
    },
    {
      "signification": {
        "relation": {
          "dynamic": "derivation"
        },
        "sense": "a_to_b"
      },
      "appearance": {
        "end_a": {
          "ref": "cccccccc-cccc-4ccc-8ccc-cccccccccccc"
        },
        "end_b": {
          "ref": "12345678-1234-4234-8234-123412341234"
        },
        "line_type": "straight",
        "line_style": "solid",
        "color": "#00ccff",
        "opacity": 0.95,
        "renderOrder": 2,
        "arrow": {
          "shape": "cone",
          "size": 8,
          "aspect": 2,
          "placement": "end_b",
          "auto_orient": true
        },
        "effect": {
          "effect_type": "flow",
          "amplitude": 1,
          "speed": 1,
          "duration": 1,
          "loop": true,
          "phase": 0.4,
          "easing": "ease-in-out",
          "width": 2
        },
        "visible": true,
        "frames": [2]
      },
      "meta": {
        "uuid": "1b1b1b1b-1b1b-4b1b-8b1b-1b1b1b1b1b1b",
        "tags": [
          "s:recognition",
          "m:assoc-to-wernicke"
        ],
        "creator_memo": "From multimodal association to language comprehension (semantic derivation)."
      }
    },
    {
      "signification": {
        "relation": {
          "dynamic": "flow"
        },
        "sense": "a_to_b"
      },
      "appearance": {
        "end_a": {
          "ref": "12345678-1234-4234-8234-123412341234"
        },
        "end_b": {
          "ref": "23456789-2345-4345-8345-234523452345"
        },
        "line_type": "straight",
        "line_style": "solid",
        "color": "#00ccff",
        "opacity": 0.95,
        "renderOrder": 2,
        "arrow": {
          "shape": "cone",
          "size": 8,
          "aspect": 2,
          "placement": "end_b",
          "auto_orient": true
        },
        "effect": {
          "effect_type": "flow",
          "amplitude": 1,
          "speed": 1,
          "duration": 1,
          "loop": true,
          "phase": 0.45,
          "easing": "ease-in-out",
          "width": 2
        },
        "visible": true,
        "frames": [2]
      },
      "meta": {
        "uuid": "1c1c1c1c-1c1c-4c1c-8c1c-1c1c1c1c1c1c",
        "tags": [
          "s:recognition",
          "m:wernicke-to-broca"
        ],
        "creator_memo": "From comprehension (Wernicke) to production planning (Broca)."
      }
    },
    {
      "signification": {
        "relation": {
          "dynamic": "flow"
        },
        "sense": "a_to_b"
      },
      "appearance": {
        "end_a": {
          "ref": "23456789-2345-4345-8345-234523452345"
        },
        "end_b": {
          "ref": "dddddddd-dddd-4ddd-8ddd-dddddddddddd"
        },
        "line_type": "straight",
        "line_style": "solid",
        "color": "#00ccff",
        "opacity": 0.95,
        "renderOrder": 2,
        "arrow": {
          "shape": "cone",
          "size": 8,
          "aspect": 2,
          "placement": "end_b",
          "auto_orient": true
        },
        "effect": {
          "effect_type": "flow",
          "amplitude": 1,
          "speed": 1,
          "duration": 1,
          "loop": true,
          "phase": 0.5,
          "easing": "ease-in-out",
          "width": 2
        },
        "visible": true,
        "frames": [2]
      },
      "meta": {
        "uuid": "2d2d2d2d-2d2d-4d2d-8d2d-2d2d2d2d2d2d",
        "tags": [
          "s:recognition",
          "m:broca-to-prefrontal"
        ],
        "creator_memo": "From language production planning to broader prefrontal control."
      }
    },
    {
      "signification": {
        "relation": {
          "dynamic": "influence"
        },
        "sense": "a_to_b"
      },
      "appearance": {
        "end_a": {
          "ref": "eeeeeeee-eeee-4eee-8eee-eeeeeeeeeeee"
        },
        "end_b": {
          "ref": "dddddddd-dddd-4ddd-8ddd-dddddddddddd"
        },
        "line_type": "straight",
        "line_style": "dashed",
        "color": "#44dd88",
        "opacity": 0.9,
        "renderOrder": 2,
        "arrow": {
          "shape": "cone",
          "size": 7,
          "aspect": 2,
          "placement": "end_b",
          "auto_orient": true
        },
        "effect": {
          "effect_type": "pulse",
          "amplitude": 0.8,
          "speed": 0.8,
          "duration": 1,
          "loop": true,
          "phase": 0.3,
          "easing": "ease-in-out",
          "width": 2
        },
        "visible": true,
        "frames": [2]
      },
      "meta": {
        "uuid": "2e2e2e2e-2e2e-4e2e-8e2e-2e2e2e2e2e2e",
        "tags": [
          "s:recognition",
          "m:hippR-to-prefrontal"
        ],
        "creator_memo": "Episodic memory (right hippocampus) influencing prefrontal evaluation."
      }
    },
    {
      "signification": {
        "relation": {
          "dynamic": "influence"
        },
        "sense": "a_to_b"
      },
      "appearance": {
        "end_a": {
          "ref": "ffffffff-ffff-4fff-8fff-ffffffffffff"
        },
        "end_b": {
          "ref": "dddddddd-dddd-4ddd-8ddd-dddddddddddd"
        },
        "line_type": "straight",
        "line_style": "dashed",
        "color": "#44dd88",
        "opacity": 0.9,
        "renderOrder": 2,
        "arrow": {
          "shape": "cone",
          "size": 7,
          "aspect": 2,
          "placement": "end_b",
          "auto_orient": true
        },
        "effect": {
          "effect_type": "pulse",
          "amplitude": 0.8,
          "speed": 0.8,
          "duration": 1,
          "loop": true,
          "phase": 0.35,
          "easing": "ease-in-out",
          "width": 2
        },
        "visible": true,
        "frames": [2]
      },
      "meta": {
        "uuid": "2f2f2f2f-2f2f-4f2f-8f2f-2f2f2f2f2f2f",
        "tags": [
          "s:recognition",
          "m:hippL-to-prefrontal"
        ],
        "creator_memo": "Episodic memory (left hippocampus) influencing prefrontal evaluation."
      }
    }
  ],

  "aux": [
    {
      "appearance": {
        "position": [0, 0, 0],
        "orientation": [0, 0, 0],
        "opacity": 0.3,
        "module": {
          "axis": {
            "length": 150,
            "labels": true,
            "arrow": {
              "enabled": true,
              "size": 8,
              "aspect": 2
            }
          }
        },
        "visible": true,
        "frames": [0, 1, 2]
      },
      "meta": {
        "uuid": "a0a0a0a0-a0a0-4a0a-8a0a-a0a0a0a0a0a0",
        "tags": [
          "s:aux",
          "m:axis"
        ],
        "creator_memo": "Global XYZ axis for orientation."
      }
    },
    {
      "appearance": {
        "position": [0, 0, 0],
        "orientation": [0, 0, 0],
        "opacity": 0.15,
        "module": {
          "shell": {
            "shell_type": "hemisphere",
            "opacity": 0.2,
            "reflectivity": 0.3,
            "effect": {
              "edge_intensity": 0.7,
              "rimlight": true,
              "glow_color": "#4444ff"
            }
          }
        },
        "visible": true,
        "frames": [0, 1, 2]
      },
      "meta": {
        "uuid": "b0b0b0b0-b0b0-4b0b-8b0b-b0b0b0b0b0b0",
        "tags": [
          "s:aux",
          "m:hemisphere-shell"
        ],
        "creator_memo": "Deformed hemisphere shell indicating material domain of the brain."
      }
    }
  ]
}
