{
  "document_meta": [
    "key",
    "value"
  ],
  "points": [
    "uuid",
    "tags_json",
    "creator_memo",
    "name",
    "name_ja",
    "name_en",
    "x",
    "y",
    "z",
    "visible",
    "frames",
    "marker_primitive",
    "marker_radius",
    "marker_size_x",
    "marker_size_y",
    "marker_size_z",
    "marker_height",
    "marker_base_x",
    "marker_base_y",
    "corona_inner_radius",
    "corona_outer_radius",
    "gltf_url",
    "gltf_scale_x",
    "gltf_scale_y",
    "gltf_scale_z",
    "gltf_rot_x",
    "gltf_rot_y",
    "gltf_rot_z",
    "gltf_off_x",
    "gltf_off_y",
    "gltf_off_z",
    "text_content",
    "text_font",
    "text_size",
    "text_align",
    "text_plane",
    "common_orient_x",
    "common_orient_y",
    "common_orient_z",
    "common_scale_x",
    "common_scale_y",
    "common_scale_z",
    "common_color",
    "common_opacity",
    "common_emissive",
    "common_wireframe"
  ],
  "lines": [
    "uuid",
    "tags_json",
    "creator_memo",
    "relation_kind",
    "relation_value",
    "sense",
    "caption",
    "caption_ja",
    "caption_en",
    "end_a_ref",
    "end_a_x",
    "end_a_y",
    "end_a_z",
    "end_b_ref",
    "end_b_x",
    "end_b_y",
    "end_b_z",
    "line_type",
    "line_style",
    "color",
    "opacity",
    "render_order",
    "visible",
    "frames",
    "geometry_json",
    "arrow_primitive",
    "arrow_placement",
    "arrow_auto_orient",
    "arrow_length",
    "arrow_thickness",
    "arrow_radius",
    "arrow_height",
    "arrow_base_x",
    "arrow_base_y"
  ],
  "aux": [
    "json"
  ],
  "README": [
    "3DSS xlsx <-> json テンプレ (v3)"
  ]
}