{
  "generated_at": "2025-11-08T11:10:11.686Z",
  "report": {
    "meta": {
      "document_uuid": "00000000-0000-4000-8000-0000000000d1",
      "version": "1.0.0",
      "generated_at": "2025-11-08T11:10:11.686Z",
      "schema_version": "n/a"
    },
    "diff_summary": {
      "added": 0,
      "modified": 0,
      "deleted": 0
    },
    "annotations": [
      {
        "id": "4ac3b5b9-61fd-4756-9cc5-b9d38278e25d",
        "target_uuid": "00000000-0000-4000-8000-0000000000d1",
        "text": "Autotest generated note",
        "status": null,
        "type": "comment",
        "detail": "Generated by io_autotest",
        "created_at": "2025-11-08T11:10:11.684Z",
        "updated_at": "2025-11-08T11:10:11.684Z"
      }
    ],
    "validation": {
      "valid": true,
      "errorCount": 0,
      "warningCount": 3
    }
  },
  "source_document": {
    "points": [
      {
        "appearance": {
          "position": [
            0,
            0,
            0
          ],
          "marker": {
            "common": {
              "visible": true
            },
            "shape": "sphere"
          }
        },
        "meta": {
          "uuid": "00000000-0000-4000-8000-000000000001"
        },
        "uuid": "00000000-0000-4000-8000-000000000001"
      },
      {
        "appearance": {
          "position": [
            1.5,
            0,
            0
          ],
          "marker": {
            "common": {
              "visible": true
            },
            "shape": "sphere"
          }
        },
        "meta": {
          "uuid": "00000000-0000-4000-8000-000000000002"
        },
        "uuid": "00000000-0000-4000-8000-000000000002"
      },
      {
        "uuid": "03935c3f-0e14-4429-acb4-7dfbf632c679",
        "meta": {
          "uuid": "03935c3f-0e14-4429-acb4-7dfbf632c679"
        },
        "appearance": {
          "position": [
            0,
            0,
            0
          ],
          "marker": {
            "common": {
              "visible": true
            },
            "shape": "sphere"
          }
        }
      },
      {
        "uuid": "7bff9538-ab37-4143-9b60-75b7c5911785",
        "meta": {
          "uuid": "7bff9538-ab37-4143-9b60-75b7c5911785"
        },
        "appearance": {
          "position": [
            0,
            1.5,
            0
          ],
          "marker": {
            "common": {
              "visible": true
            },
            "shape": "sphere"
          }
        }
      }
    ],
    "lines": [
      {
        "appearance": {
          "end_a": {
            "ref": "00000000-0000-4000-8000-000000000001"
          },
          "end_b": {
            "ref": "00000000-0000-4000-8000-000000000002"
          },
          "line_type": "straight",
          "visible": true,
          "color": "#38bdf8"
        },
        "meta": {
          "uuid": "00000000-0000-4000-8000-0000000000A1"
        },
        "uuid": "00000000-0000-4000-8000-0000000000A1"
      },
      {
        "appearance": {
          "end_a": {
            "ref": "03935c3f-0e14-4429-acb4-7dfbf632c679"
          },
          "end_b": {
            "ref": "7bff9538-ab37-4143-9b60-75b7c5911785"
          },
          "line_type": "straight",
          "visible": true,
          "color": "#f97316"
        },
        "meta": {
          "uuid": "00000000-0000-4000-8000-0000000000B2"
        },
        "uuid": "00000000-0000-4000-8000-0000000000B2"
      }
    ],
    "aux": [],
    "document_meta": {
      "document_uuid": "00000000-0000-4000-8000-0000000000d1",
      "schema_uri": "https://3dsl.io/schema/3DSS.schema.json",
      "version": "1.0.0",
      "author": "proto",
      "generator": "https://q2t-project.github.io/3dsl/modeler"
    }
  }
}