{
  "document_meta": {
    "document_title": "3DSS Default Scene",
    "document_summary": "Viewer fallback default sample (v1.1.3). Minimal primitives + text + lines.",
    "document_uuid": "7f3b2d2a-7a1c-4c84-9b3a-7e3c42f0f9c1",
    "version": "1.0.0",
    "updated_at": "2026-01-11T00:00:00Z",
    "tags": ["s:3dsl", "s:sample", "m:default"],
    "schema_uri": "https://q2t-project.github.io/3dsl/schemas/release/v1.1.3/3DSS.schema.json#v1.1.3",
    "generator": "https://q2t-project.github.io/3dsl/",
    "reference": "default scene",
    "coordinate_system": "Z+up/freeXY",
    "units": "non_si:px",
    "i18n": "ja",
    "author": "q2t-project",
    "creator_memo": "Stable minimal default sample. Keep small + deterministic."
  },
  "points": [
    {
      "signification": { "name": "Hello 3DSL" },
      "appearance": {
        "position": [0, 0, 0],
        "marker": {
          "primitive": "sphere",
          "radius": 0.7,
          "common": { "opacity": 0.9, "emissive": false, "wireframe": false, "color": "#ffffff" },
          "text": {
            "content": "Hello 3DSL",
            "pose": { "mode": "billboard", "up": "+z", "roll": 0 },
            "size": 18,
            "align": "center&middle",
            "font": "helvetiker_regular"
          }
        }
      },
      "meta": {
        "uuid": "11111111-1111-4111-8111-111111111111",
        "tags": ["x:root"],
        "creator_memo": "Root point"
      }
    },
    {
      "signification": { "name": "Point A" },
      "appearance": {
        "position": [-14, 8, 0],
        "marker": {
          "primitive": "sphere",
          "radius": 0.45,
          "common": { "opacity": 0.85, "emissive": false, "wireframe": false, "color": "#ffffff" },
          "text": {
            "content": "Point A (fixed: ZX plane)",
            "pose": { "mode": "fixed", "front": "+y", "up": "+z" },
            "size": 10,
            "align": "left&top",
            "font": "helvetiker_regular"
          }
        }
      },
      "meta": {
        "uuid": "22222222-2222-4222-8222-222222222222",
        "tags": ["x:a"]
      }
    },
    {
      "signification": { "name": "Point B" },
      "appearance": {
        "position": [14, 8, 0],
        "marker": {
          "primitive": "box",
          "size": [2.2, 2.2, 2.2],
          "common": { "opacity": 0.85, "emissive": false, "wireframe": false, "color": "#ffffff" },
          "text": {
            "content": "Point B (fixed: XY plane)",
            "pose": { "mode": "fixed", "front": "+z", "up": "+y" },
            "size": 10,
            "align": "center&middle",
            "font": "helvetiker_regular"
          }
        }
      },
      "meta": {
        "uuid": "33333333-3333-4333-8333-333333333333",
        "tags": ["x:b"]
      }
    }
  ],
  "lines": [
    {
      "signification": {
        "relation": { "structural": "containment" },
        "sense": "a_to_b",
        "caption": ""
      },
      "appearance": {
        "end_a": { "ref": "11111111-1111-4111-8111-111111111111" },
        "end_b": { "ref": "22222222-2222-4222-8222-222222222222" },
        "line_style": "solid",
        "opacity": 0.45,
        "color": "#ffffff",
        "caption_text": { "pose": { "mode": "billboard", "up": "+z", "roll": 0 }, "font_size": 9 },
        "line_type": "straight",
        "frames": [0]
      },
      "meta": {
        "uuid": "aaaaaaa1-aaaa-4aaa-8aaa-aaaaaaaaaaa1",
        "tags": ["x:l_root_a"]
      }
    },
    {
      "signification": {
        "relation": { "structural": "association" },
        "sense": "a_to_b",
        "caption": "A → B"
      },
      "appearance": {
        "end_a": { "ref": "22222222-2222-4222-8222-222222222222" },
        "end_b": { "ref": "33333333-3333-4333-8333-333333333333" },
        "line_style": "solid",
        "opacity": 0.45,
        "color": "#ffffff",
        "caption_text": { "pose": { "mode": "billboard", "up": "+z", "roll": 0 }, "font_size": 10 },
        "line_type": "straight",
        "frames": [0]
      },
      "meta": {
        "uuid": "aaaaaaa2-aaaa-4aaa-8aaa-aaaaaaaaaaa2",
        "tags": ["x:l_a_b"]
      }
    }
  ],
  "aux": []
}
