{
  "document_meta": {
    "document_title": "invalid: bad uuid",
    "document_summary": "document_uuid is not uuid.",
    "document_uuid": "NOT-A-UUID",
    "schema_uri": "https://q2t-project.github.io/3dsl/schemas/3DSS.schema.json#v1.1.1",
    "author": "canonical",
    "version": "1.1.0",
    "tags": ["s:canonical", "m:invalid"],
    "coordinate_system": "Z+up/freeXY",
    "units": "non_si:px",
    "i18n": "ja",
    "updated_at": "2025-12-13T00:00:00Z"
  },
  "points": [
    {
      "signification": { "name": "P" },
      "appearance": { "position": [0, 0, 0], "visible": true, "marker": { "primitive": "sphere", "radius": 2.0 } },
      "meta": { "uuid": "ALSO-NOT-A-UUID", "tags": ["s:node"] }
    }
  ],
  "lines": [],
  "aux": []
}
