{
  "document_meta": {
    "document_uuid": "11111111-1111-4111-8111-111111111111",
    "version": "1.0.1",
    "updated_at": "2025-12-01T00:00:00Z",
    "tags": ["s:demo", "s:frame-aux"],
    "schema_uri": "https://q2t-project.github.io/3dsl/schemas/3DSS.schema.json#v1.0.1",
    "generator": "https://q2t-project.github.io/3dsl/",
    "reference": "",
    "coordinate_system": "Z+up/freeXY",
    "units": "mm",
    "i18n": "ja",
    "author": "q2t",
    "creator_memo": "frame + aux demo"
  },

  "points": [
    {
      "appearance": {
        "position": [0, 0, 0],
        "marker": {
          "shape": "sphere"
        },
        "visible": true,
        "frames": [0, 1, 2]
      },
      "meta": {
        "uuid": "22222222-2222-4222-8222-222222222222",
        "tags": ["m:demo-point"]
      }
    },
    {
      "appearance": {
        "position": [1, 0, 0],
        "marker": {
          "shape": "box"
        },
        "visible": true,
        "frames": 1
      },
      "meta": {
        "uuid": "33333333-3333-4333-8333-333333333333",
        "tags": ["m:demo-point"]
      }
    }
  ],

  "lines": [
    {
      "signification": {
        "relation": {
          "structural": "association"
        },
        "sense": "a_to_b"
      },
      "appearance": {
        "end_a": {
          "ref": "22222222-2222-4222-8222-222222222222"
        },
        "end_b": {
          "ref": "33333333-3333-4333-8333-333333333333"
        },
        "line_type": "straight",
        "line_style": "solid",
        "color": "#ff0000",
        "opacity": 0.8,
        "renderOrder": 0,
        "arrow": {
          "shape": "cone",
          "size": 8,
          "aspect": 2,
          "placement": "end_b",
          "auto_orient": true
        },
        "visible": true,
        "frames": [1, 2]
      },
      "meta": {
        "uuid": "44444444-4444-4444-8444-444444444444",
        "tags": ["m:demo-line"]
      }
    }
  ],

  "aux": [
    {
      "appearance": {
        "position": [0, 0, 0],
        "opacity": 0.4,
        "module": {
          "grid": {
            "grid_type": "cartesian",
            "subdivisions": 8,
            "major_step": 4,
            "minor_step": 1,
            "color_major": "#666666",
            "color_minor": "#333333"
          }
        },
        "visible": true,
        "frames": [0, 1, 2]
      },
      "meta": {
        "uuid": "55555555-5555-4555-8555-555555555555",
        "tags": ["s:aux-grid"]
      }
    },
    {
      "appearance": {
        "position": [0, 0, 0],
        "opacity": 0.4,
        "module": {
          "axis": {
            "length": 64,
            "labels": true,
            "arrow": {
              "enabled": true,
              "size": 8,
              "aspect": 2
            }
          }
        },
        "visible": true,
        "frames": [0, 1, 2]
      },
      "meta": {
        "uuid": "66666666-6666-4666-8666-666666666666",
        "tags": ["s:aux-axis"]
      }
    }
  ]
}
