{
  "lines": [],
  "points": [
    {
      "signification": {
        "name": "Point A"
      },
      "appearance": {
        "position": "THIS_SHOULD_BE_AN_ARRAY"
      },
      "meta": {
        "uuid": "11111111-1111-4111-8111-111111111111"
      }
    }
  ],
  "aux": [],
  "document_meta": {
    "document_uuid": "aaaaaaaa-aaaa-4aaa-8aaa-aaaaaaaaaaaa",
    "schema_uri": "https://q2t-project.github.io/3dsl/schemas/3DSS.schema.json#v1.0.1",
    "author": "runtime-test",
    "version": "1.0.0",
    "creator_memo": "INVALID-A: points[0].appearance.position を string にして type mismatch を発生させるテスト用 3DSS。正しいスキーマでは position は [x,y,z] の数値配列。"
  }
}
