{
  "lines": [
    {
      "signification": {
        "relation": { "structural": "association" },
        "sense": "a_to_b"
      },
      "appearance": {
        "end_a": { "ref": "33333333-3333-4333-8333-333333333333" },
        "end_b": { "ref": "22222222-2222-4222-8222-222222222222" },
        "line_type": "straight",
        "line_style": "broken", 
        "color": "#ffffff",
        "opacity": 1.0
      },
      "meta": {
        "uuid": "66666666-6666-4666-8666-666666666666"
      }
    }
  ],

  "points": [
    {
      "signification": { "name": "Point A" },
      "appearance": {
        "position": [0.0, 0.0, 0.0]
      },
      "meta": {
        "uuid": "22222222-2222-4222-8222-222222222222"
      }
    },
    {
      "signification": { "name": "Point B" },
      "appearance": {
        "position": [1.0, 0.0, 0.0]
      },
      "meta": {
        "uuid": "33333333-3333-4333-8333-333333333333"
      }
    }
  ],

  "aux": [],

  "document_meta": {
    "document_uuid": "cccccccc-cccc-4ccc-8ccc-cccccccccccc",
    "schema_uri": "https://q2t-project.github.io/3dsl/schemas/3DSS.schema.json#v1.0.1",
    "author": "runtime-test",
    "version": "1.0.0",
    "creator_memo": "INVALID-C: lines[0].appearance.line_style に enum 未定義の値 'broken' を入れて、line_style の enum エラーだけを発生させるテスト用 3DSS。他の構造（meta, end_a/end_b, points 等）はスキーマに準拠させ、エラー要因を line_style のみへ限定している。"
  }
}
