{
  "lines": [
    {
      "signification": {
        "relation": { "structural": "association" },
        "sense": "a_to_b"
      },
      "appearance": {
        "end_a": { "ref": "22222222-2222-4222-8222-222222222222" },
        "end_b": { "ref": "33333333-3333-4333-8333-333333333333" },
        "line_type": "straight",
        "line_style": "solid",
        "color": "#ffffff",
        "opacity": 1.0
      },
      "meta": {
        "uuid": "44444444-4444-4444-8444-444444444444"
      }
    }
  ],

  "points": [
    {
      "signification": { "name": "Point A" },
      "appearance": {
        "position": [0.0, 0.0, 0.0]
      },
      "meta": {
        "uuid": "22222222-2222-4222-8222-222222222222"
      }
    },
    {
      "signification": { "name": "Point B" },
      "appearance": {
        "position": [1.0, 0.0, 0.0]
      },
      "meta": {
        "uuid": "33333333-3333-4333-8333-333333333333"
      }
    }
  ],

  "aux": [],

  "document_meta": {
    "document_uuid": "dddddddd-dddd-4ddd-8ddd-dddddddddddd",
    "schema_uri": "https://q2t-project.github.io/3dsl/schemas/3DSS.schema.json#v1.0.1",
    "author": "runtime test",
    "version": "1.0.0",
    "creator_memo": "INVALID-D: document_meta.author にスペースを含めて pattern ^[a-zA-Z0-9._-]+(@[a-zA-Z0-9.-]+)?$ を意図的に違反させるテスト用 3DSS。lines/points/aux はスキーマ的に正しい状態に保ち、エラー要因を document_meta.author の pattern 不一致に限定している。"
  }
}
