{
  "lines": [
    {
      "signification": {
        "relation": {
          "structural": "association"
        },
        "sense": "a_to_b"
      },
      "appearance": {
        "end_a": {
          "ref": "22222222-2222-4222-8222-222222222222"
        },
        "end_b": {
          "ref": "33333333-3333-4333-8333-333333333333"
        },
        "line_type": "straight",
        "line_style": "solid",
        "color": "#ffffff",
        "opacity": 1.0
      }
      /* meta がないので schema 的に NG */
    }
  ],
  "points": [
    {
      "signification": {
        "name": "Point A"
      },
      "appearance": {
        "position": [0.0, 0.0, 0.0],
        "color": "#ff0000",
        "radius": 0.1,
        "opacity": 1.0
      },
      "meta": {
        "uuid": "22222222-2222-4222-8222-222222222222"
      }
    },
    {
      "signification": {
        "name": "Point B"
      },
      "appearance": {
        "position": [1.0, 0.0, 0.0],
        "color": "#00ff00",
        "radius": 0.1,
        "opacity": 1.0
      },
      "meta": {
        "uuid": "33333333-3333-4333-8333-333333333333"
      }
    }
  ],
  "aux": [],
  "document_meta": {
    "document_uuid": "bbbbbbbb-bbbb-4bbb-8bbb-bbbbbbbbbbbb",
    "schema_uri": "https://q2t-project.github.io/3dsl/schemas/3DSS.schema.json#v1.0.1",
    "author": "runtime-test",
    "version": "1.0.0"
  }
}
