{
  "lines": [
    {
      "meta": { "uuid": "L1" },
      "appearance": {
        "end_a": { "ref": "P1" },
        "end_b": { "ref": "P2" },
        "color": "#55aaff",
        "line_type": "straight"
      }
    },
    {
      "meta": { "uuid": "L2" },
      "appearance": {
        "end_a": { "ref": "P1" },
        "end_b": { "ref": "P3" },
        "color": "#55aaff",
        "line_type": "straight"
      }
    },
    {
      "meta": { "uuid": "L3" },
      "appearance": {
        "end_a": { "ref": "P1" },
        "end_b": { "ref": "P4" },
        "color": "#55aaff",
        "line_type": "straight"
      }
    }
  ],
  "points": [
    {
      "meta": { "uuid": "P1" },
      "signification": {
        "name": "原点"
      },
      "appearance": {
        "position": [0, 0, 0],
        "color": "#ff5555"
      }
    },
    {
      "meta": { "uuid": "P2" },
      "signification": {
        "name": {
          "ja": "右ノード",
          "en": "Right node"
        }
      },
      "appearance": {
        "position": [1, 0, 0],
        "color": "#55ff55"
      }
    },
    {
      "meta": { "uuid": "P3" },
      "signification": {
        "name": {
          "ja": "上ノード",
          "en": "Top node"
        }
      },
      "appearance": {
        "position": [0, 1, 0],
        "color": "#5555ff",
        "marker": {
          "text": {
            "content": "marker優先",
            "size": 64,
            "font": "helvetiker_regular",
            "align": "center&middle",
            "plane": "billboard"
          }
        }
      }
    },
    {
      "meta": { "uuid": "P4" },
      "appearance": {
        "position": [0, 0, 1],
        "color": "#ffaa55",
        "marker": {
          "text": {
            "content": "markerのみ",
            "size": 20,
            "font": "helvetiker_regular",
            "align": "center&middle",
            "plane": "zx"
          }
        }
      }
    },
    {
      "meta": { "uuid": "P5" },
      "appearance": {
        "position": [0, 1, 1],
        "color": "#ffaa55",
        "marker": {
          "text": {
            "content": "markerのみ",
            "size": 20,
            "font": "helvetiker_regular",
            "align": "center&middle",
            "plane": "yz"
          }
        }
      }
    }

  ],
  "aux": [],
  "document_meta": {
    "document_uuid": "00000000-0000-0000-0000-00000000LABEL01",
    "schema_uri": "https://q2t-project.github.io/3dsl/schemas/3DSS.schema.json#v1.0.1",
    "author": "dev",
    "version": "1.0.1",
    "i18n": "ja",
    "title": "label_test_01"
  }
}
