{
  "lines": [
    {
      "appearance": {
        "end_a": { "ref": "P_ORIGIN" },
        "end_b": { "ref": "P_X_PLUS" },
        "line_type": "straight",
        "line_style": "solid",
        "color": "#ff6666",
        "opacity": 1.0
      },
      "meta": { "uuid": "L_X_PLUS" }
    },
    {
      "appearance": {
        "end_a": { "ref": "P_ORIGIN" },
        "end_b": { "ref": "P_X_MINUS" },
        "line_type": "straight",
        "line_style": "solid",
        "color": "#ff6666",
        "opacity": 0.6
      },
      "meta": { "uuid": "L_X_MINUS" }
    },
    {
      "appearance": {
        "end_a": { "ref": "P_ORIGIN" },
        "end_b": { "ref": "P_Y_PLUS" },
        "line_type": "straight",
        "line_style": "solid",
        "color": "#66ff66",
        "opacity": 1.0
      },
      "meta": { "uuid": "L_Y_PLUS" }
    },
    {
      "appearance": {
        "end_a": { "ref": "P_ORIGIN" },
        "end_b": { "ref": "P_Y_MINUS" },
        "line_type": "straight",
        "line_style": "solid",
        "color": "#66ff66",
        "opacity": 0.6
      },
      "meta": { "uuid": "L_Y_MINUS" }
    },
    {
      "appearance": {
        "end_a": { "ref": "P_ORIGIN" },
        "end_b": { "ref": "P_Z_PLUS" },
        "line_type": "straight",
        "line_style": "solid",
        "color": "#6666ff",
        "opacity": 1.0
      },
      "meta": { "uuid": "L_Z_PLUS" }
    },
    {
      "appearance": {
        "end_a": { "ref": "P_ORIGIN" },
        "end_b": { "ref": "P_Z_MINUS" },
        "line_type": "straight",
        "line_style": "solid",
        "color": "#6666ff",
        "opacity": 0.6
      },
      "meta": { "uuid": "L_Z_MINUS" }
    }
  ],
  "points": [
    {
      "signification": {
        "name": { "ja": "原点", "en": "origin" }
      },
      "appearance": {
        "position": [0, 0, 0],
        "color": "#ffffff",
        "size": 0.08,
        "marker": {
          "visible": true,
          "text": {
            "content": "原点",
            "size": 16,
            "plane": "billboard"
          }
        }
      },
      "meta": { "uuid": "P_ORIGIN" }
    },
    {
      "signification": {
        "name": { "ja": "+X", "en": "+X" }
      },
      "appearance": {
        "position": [1, 0, 0],
        "color": "#ff5555",
        "size": 0.06,
        "marker": {
          "visible": true,
          "text": {
            "content": "+X",
            "size": 20,
            "plane": "zx"
          }
        }
      },
      "meta": { "uuid": "P_X_PLUS" }
    },
    {
      "signification": {
        "name": { "ja": "-X", "en": "-X" }
      },
      "appearance": {
        "position": [-1, 0, 0],
        "color": "#aa3333",
        "size": 0.06,
        "marker": {
          "visible": true,
          "text": {
            "content": "-X",
            "size": 14,
            "plane": "zx"
          }
        }
      },
      "meta": { "uuid": "P_X_MINUS" }
    },
    {
      "signification": {
        "name": { "ja": "+Y", "en": "+Y" }
      },
      "appearance": {
        "position": [0, 1, 0],
        "color": "#55ff55",
        "size": 0.06,
        "marker": {
          "visible": true,
          "text": {
            "content": "+Y",
            "size": 20,
            "plane": "yz"
          }
        }
      },
      "meta": { "uuid": "P_Y_PLUS" }
    },
    {
      "signification": {
        "name": { "ja": "-Y", "en": "-Y" }
      },
      "appearance": {
        "position": [0, -1, 0],
        "color": "#33aa33",
        "size": 0.06,
        "marker": {
          "visible": true,
          "text": {
            "content": "-Y",
            "size": 14,
            "plane": "yz"
          }
        }
      },
      "meta": { "uuid": "P_Y_MINUS" }
    },
    {
      "signification": {
        "name": { "ja": "+Z", "en": "+Z" }
      },
      "appearance": {
        "position": [0, 0, 1],
        "color": "#5555ff",
        "size": 0.06,
        "marker": {
          "visible": true,
          "text": {
            "content": "+Z",
            "size": 20,
            "plane": "zx"
          }
        }
      },
      "meta": { "uuid": "P_Z_PLUS" }
    },
    {
      "signification": {
        "name": { "ja": "XY", "en": "XY" }
      },
      "appearance": {
        "position": [0.5, 0.5, 0],
        "color": "#3333aa",
        "size": 0.06,
        "marker": {
          "visible": true,
          "text": {
            "content": "XYあ",
            "size": 14,
            "plane": "xy"
          }
        }
      },
      "meta": { "uuid": "P_XY" }
    },
    {
      "signification": {
        "name": { "ja": "YZ", "en": "YZ" }
      },
      "appearance": {
        "position": [0, 0.5, 0.5],
        "color": "#3333aa",
        "size": 0.06,
        "marker": {
          "visible": true,
          "text": {
            "content": "YZあ",
            "size": 14,
            "plane": "yz"
          }
        }
      },
      "meta": { "uuid": "P_YZ" }
    },
    {
      "signification": {
        "name": { "ja": "ZX", "en": "ZX" }
      },
      "appearance": {
        "position": [0.5, 0, 0.5],
        "color": "#3333aa",
        "size": 0.06,
        "marker": {
          "visible": true,
          "text": {
            "content": "ZXあ",
            "size": 14,
            "plane": "zx"
          }
        }
      },
      "meta": { "uuid": "P_ZX" }
    }
  ],
  "aux": [],
  "document_meta": {
    "document_uuid": "00000000-0000-0000-0000-000000000010",
    "schema_uri": "https://q2t-project.github.io/3dsl/schemas/3DSS.schema.json#v1.0.1",
    "author": "dev",
    "version": "1.0.1",
    "i18n": "ja"
  }
}
