{
  "document_meta": {
    "document_title": "3DSS Excel IO sample",
    "document_uuid": "00000000-0000-4000-8000-000000000001",
    "schema_uri": "https://q2t-project.github.io/3dsl/schemas/3DSS.schema.json#v1.1.2",
    "author": "unknown",
    "version": "1.0.0",
    "tags": [
      "s:excel",
      "s:sample"
    ],
    "creator_memo": "minimal schema-valid sample"
  },
  "points": [
    {
      "signification": {
        "name": {
          "ja": "点A",
          "en": "Point A"
        }
      },
      "appearance": {
        "position": [
          0,
          0,
          0
        ],
        "marker": {
          "primitive": "sphere",
          "radius": 1,
          "common": {
            "color": "#ff0000",
            "opacity": 0.6
          }
        }
      },
      "meta": {
        "uuid": "11111111-1111-4111-8111-111111111111",
        "tags": ["s:p1"],
        "__unknown_test": { "a": 1, "b": [true, null, "x"] }
      }
    },
    {
      "signification": {
        "name": {
          "ja": "点B",
          "en": "Point B"
        }
      },
      "appearance": {
        "position": [
          10,
          0,
          0
        ],
        "marker": {
          "primitive": "box",
          "size": [
            1,
            1,
            1
          ],
          "common": {
            "color": "#0000ff",
            "opacity": 0.6
          }
        }
      },
      "meta": {
        "uuid": "22222222-2222-4222-8222-222222222222",
        "tags": [
          "s:p2"
        ]
      }
    }
  ],
  "lines": [
    {
      "signification": {
        "relation": {
          "structural": "association"
        },
        "sense": "a_to_b",
        "caption": {
          "ja": "関連",
          "en": "relation"
        }
      },
      "appearance": {
        "end_a": {
          "ref": "11111111-1111-4111-8111-111111111111"
        },
        "end_b": {
          "ref": "22222222-2222-4222-8222-222222222222"
        },
        "line_type": "straight",
        "line_style": "solid",
        "color": "#00ff00",
        "opacity": 0.4,
        "arrow": {
          "primitive": "none"
        }
      },
      "meta": {
        "uuid": "33333333-3333-4333-8333-333333333333",
        "tags": [
          "s:l1"
        ]
      }
    }
  ],
  "aux": [
    {
      "appearance": {
        "module": {
          "grid": {}
        }
      },
      "meta": {
        "uuid": "44444444-4444-4444-8444-444444444444",
        "tags": [
          "s:aux"
        ]
      }
    }
  ]
}