id,area,requirement,current_main_evidence,candidate_branch_asset,status,priority,release_blocker,architecture_note
P-01,Product positioning,"Home/Concept should lead with whole-preserving knowledge exploration, not 3D graphics/language as the product itself.",Home and Concept still define 3DSL primarily as a three-dimensional structural language / framework for concepts and relations in 3D.,None of #52/#53/#54 materially resolves product copy.,OUTDATED,P1,YES,Rewrite product-facing copy; no runtime rewrite required.
P-02,Product positioning,"3D must be presented as conditional structural value, not universal necessity or a cognitive superiority claim.",Home says thought/understanding moves across multiple axes/viewpoints/grains 'simultaneously' and 3D preserves that simultaneity; Top copy claims a stronger public good than language.,Approved Product v1 provides the corrected claim discipline.,OUTDATED,P1,YES,"Copy/interpretation change, not schema change."
P-03,Target user,Reader/Explorer must be primary; Author/Mapper secondary.,Home targets a broad mixed audience and Concept centers people who view/create 3DSS; reader-first role priority is not explicit.,None.,INSUFFICIENT,P1,YES,IA/copy change.
P-04,First 30 seconds,First-time user should understand What / Why / How before controls and implementation vocabulary.,Hero is poetic and lower-page explanation is implementation/3D-centric; direct core v1 sentence is not the dominant first message.,None.,INSUFFICIENT,P1,YES,Home information hierarchy change.
P-05,Viewer entry,One canonical reader-facing Viewer entry should preserve Library return/context.,"Main uses both `/app/viewer` and `/viewer`; nav and Library use `/app/viewer`, while Home/Concept also link `/viewer`.",No branch has established a product-level canonical route decision.,DUPLICATED,P1,YES,Step 9 must choose one public entry and classify the other as internal/compat.
L-01,Library,Content SSOT/build/index/detail pipeline should be stable.,`packages/3dss-content` -> generated index/data -> Astro Library is implemented with checks and documented SSOT.,#52/#53 retain and extend build/validation infrastructure.,GOOD,P3,NO,Keep core pipeline.
L-02,Library,Library should be a primary public entry demonstrating 3DSL value.,"Library is first in main nav after Home, featured on Home, and has an index/detail flow.",None needed.,GOOD,P3,NO,Keep placement; improve curation/message.
L-03,Library,Diagram detail should provide context then direct Viewer entry.,"Detail page provides title/summary, preview, authors, optional text/references/rights, and a full-screen `/app/viewer` entry with return context.",None needed.,GOOD,P3,NO,Keep detail-to-viewer flow.
L-04,Library guidance,Public items should provide an authored entry/explanation route when the model is dense.,"`entry_points` is reserved in metadata/build types, but published items inspected have empty/no entry points and no site/viewer execution path uses it.",No branch resolves this.,MISSING,P1,YES,Architecture pressure for an explanation-route contract outside/alongside core 3DSS.
L-05,Library curation,Public Library should contain deliberate product examples rather than tests/drafts/sample plumbing.,"Published main items include a stress/load-test item, an empty item titled `26012801` tagged draft, and a folder-structure sample.",None.,INSUFFICIENT,P1,YES,Curation/publishing gate; no engine change.
L-06,Library conceptual alignment,Public conceptual examples must not contradict Product v1 / validated QQT boundaries.,Published item `3DSL三軸座標系` describes a 3DSL three-axis definition and contains Quantity/Quality/Time axis labels; Product v1 says axes are model-specific and 3D is conditional.,None.,OUTDATED,P1,YES,Revise/reclassify public content before release; do not encode QQT as universal axes.
L-07,Library curation contract,Featured/recommended status should have one SSOT.,"`_meta.json` defines `recommended`, while Home selects featured items using `m:top` / `m:default` tags and ignores `recommended`.",None.,DUPLICATED,P2,NO,Choose one curation signal in Step 9.
L-08,Library provenance,Infrastructure should support sources/rights/provenance.,"`_meta.json` has authors, references, rights, provenance, links; detail page renders meaningful references/rights.",None needed.,GOOD,P3,NO,Keep metadata separation.
L-09,Library provenance,Published content should actually fill provenance/rights/source fields to a useful level.,Several published items have no references/rights; one inspected item contains placeholder/empty fields despite meta policy preferring explicit UNKNOWN.,None.,INSUFFICIENT,P2,NO,Content-quality gate/check improvement.
L-10,Library exploration,Users should be able to continue to related/comparison examples.,`related` and `pairs` are reserved but inspected published metadata is empty; no reader-facing related/pair flow was found.,None.,INSUFFICIENT,P2,NO,Use existing reserved fields or replace with one coherent navigation contract.
L-11,Library capability coverage,"The free Library as a set should demonstrate whole↔internal, placement/comparison, heterogeneous connection, and explanation routes.",Current publishing metadata does not declare or verify capability coverage; explanation-route coverage is absent.,None.,INSUFFICIENT,P1,YES,Curate a small representative release set against Product v1 capabilities.
V-01,Viewer core,Basic rendering and navigation should work.,"Viewer has load/render, orbit/pan/zoom, pick, selection, visibility, frames, axis controls, snapshot/embed infrastructure.",Existing CI/regression assets support this foundation.,GOOD,P3,NO,Keep Viewer engine/core.
V-02,Viewer whole/local,Viewer should permit whole↔local movement and return.,Viewer has macro/micro modes; picking focuses into micro and exiting restores the saved macro camera state.,None needed for the basic mechanism.,GOOD,P3,NO,Keep macro/micro foundation.
V-03,Viewer whole/local semantics,"Local view should represent meaningful local structure, not only camera proximity/neighborhood.",Micro state is mainly focus item + 1-hop related UUIDs + local bounds. Explicit composite/internal structure semantics are not a general contract.,No branch resolves this.,INSUFFICIENT,P1,YES,Step 9 should decide whether model conventions/metadata/runtime derivation are enough before any schema change.
V-04,Viewer orientation,"Reader should know where they are in the whole, what is focused, and how to return.",Viewer host carries title/back-to-Library and runtime has macro/micro labels; no reader-facing breadcrumb/whole-position/explanation context was found.,None.,INSUFFICIENT,P1,YES,Add reader orientation layer without exposing runtime internals.
V-05,Viewer scale/scope/viewpoint,Reader should know what changed when scale/scope/viewpoint changes.,"Camera, frame and mode exist, but product-level semantic labels for scope/grain/viewpoint are not a stable reader contract.",None.,INSUFFICIENT,P1,YES,Define product semantics separately from camera/frame implementation.
V-06,Viewer placement interpretation,Meaningful axes/position/direction need model-specific interpretation.,World axes and geometric coordinate system exist; no general reader-facing contract communicates model-specific semantic axis/placement meaning.,None.,INSUFFICIENT,P1,YES,Likely content/context metadata + UI; schema change not yet justified.
V-07,Viewer explanation route,Viewer should execute an authored explanation route through the same model.,No route/tour/story/breadcrumb implementation was found in Viewer SSOT; Library `entry_points` is not consumed.,None.,MISSING,P1,YES,Core reader-facing feature pressure for Step 9.
V-08,Viewer comparison,Reader should be able to compare regions/models where useful.,"`/app/compare` exists but is a Viewer-vs-Modeler debug parity tool, not a reader comparison experience.",None.,MISSING,P2,NO,Later reader comparison can use Library pairs/related; not first blocker if core routes work.
D-01,Docs,Schema/spec/viewer documentation routes should exist.,"Main has `/docs`, schema/spec routes, viewer docs, FAQ route, Concept route.",None needed.,GOOD,P3,NO,Keep docs infrastructure.
D-02,Concept,Concept copy must match approved Product v1 and claim boundaries.,Concept defines 3DSL as a framework for placing concepts/relations in 3D and centers 3DSS samples/creation; it does not lead with whole-preserving exploration or conditional 3D.,None.,OUTDATED,P1,YES,Rewrite Concept after Product v1.
D-03,Reader guidance,A clear 'How to read a 3DSL diagram' entry should exist.,"Docs tree has technical contracts/ops, but no dedicated reader-facing reading guide was found.",None.,MISSING,P1,YES,Create product-level reading guide and link from Library/Viewer.
D-04,Product docs canonicality,Approved Product Definition v1 should become canonical repository docs.,"The approved `docs/product/*` bundle exists in project artifacts, but no corresponding canonical product directory was found on main.",None.,MISSING,P1,YES,Repository integration required before architecture implementation.
B-01,Free experience,"Core concept, Viewer, docs and representative Library experience should be usable without payment.",Main Library/Viewer/docs are public and do not require Premium access.,None needed.,GOOD,P3,NO,Preserve this boundary.
B-02,Premium boundary,Canonical product docs/site should express Free core vs Premium content depth.,Main does not contain the approved content-depth product boundary.,#52/#53 contain Premium policy/implementation assets but predate Product v1 boundary.,MISSING,P2,NO,"First encode product boundary, then assess mechanism."
B-03,Premium implementation,Premium delivery should exist only after the product boundary is clear.,Canonical main lacks the Premium routes/auth assets described in the old roadmap.,#52/#53 contain substantial Premium routes/functions/content/policy/DoD.,MISSING,P3,NO,Recover only after Step 9 architecture decision.
B-04,Premium canonicality,One branch/state must define Premium implementation truth.,Main and #52/#53 materially differ: Premium is absent on main but substantial on the restructure stack.,#52/#53 are candidate assets.,DUPLICATED,P2,NO,Branch reconciliation required.
B-05,Business validation,Willingness to pay should be empirically tested after core usability.,No demand/willingness-to-pay evidence is established in current repository/product artifacts.,Existing Premium mechanism is not demand evidence.,MISSING,P4,NO,Explicitly post-core validation.
M-01,Modeler,Author tool should support place/connect/edit/validate/save/export.,"Modeler already has substantial editing, validation, history, preview and persistence functions.",#54 improves preservation/semantic guards.,GOOD,P3,NO,Keep core asset.
M-02,Modeler priority,Modeler must not consume priority ahead of reader-facing Library/Viewer core.,"Modeler is comparatively mature while explanation routes, reader onboarding and Product v1 copy are missing.","#54 is bounded maintenance, not feature expansion.",OVERBUILT,P2,NO,Freeze feature expansion; retain asset.
M-03,Modeler accepted guards,Accepted preservation/semantic guards should not remain only on a draft branch indefinitely.,"Canonical main lacks the approved #54 import-loss, UUID/frame guards, conformance matrix and local-only sidecar contract.",#54 is CI-passing and mergeable but draft.,OUTDATED,P2,NO,Integration decision belongs in Step 9 branch plan.
M-04,Creator publication,Later author flow should connect Modeler output to an appropriate Library/content publication workflow.,No integrated reader-safe Modeler→Library publish workflow is established.,None.,MISSING,P4,NO,Later-stage creator path.
A-01,Architecture governance,SSOT and layer boundaries should be explicit and machine-checkable.,"Viewer/Modeler manifests define layers, ports, forbidden dependencies and checks; AGENTS/docs identify SSOTs.",#52/#53 continue governance.,GOOD,P3,NO,Keep.
A-02,Schema,Schema should not be expanded without concrete preservation loss.,3DSS v1.1.4 supports current product basics and no current P1 gap uniquely requires schema expansion.,#54 also resolves preservation gaps without schema change.,GOOD,P3,NO,No schema rewrite pressure.
A-03,Repo topology,Build/dependency topology should not rely on unnecessary copies and duplicated generated trees.,Main uses large vendor trees plus sync/mirror copies and generated-clean checks.,#53 proposes workspaces; later restructure plan proposes vendor/sync removal.,DUPLICATED,P2,NO,"Architecture 2026 must decide, not auto-adopt #53."
A-04,Branch canonicality,"Main, restructure stack and QQT patch need one integration plan.",Open #52/#53 stack and direct-main #54 represent divergent successor states.,All three have passing CI.,DUPLICATED,P1,YES,Step 9 must sequence/rebase/merge or retire branches.
A-05,Verification,Repository should expose a coherent global verification contract.,"Main has extensive checks and `ci:build`, but no single canonical root `verify` command.",#53 moves toward workspace-level orchestration.,INSUFFICIENT,P2,NO,Unify after tooling architecture decision.
A-06,Recovery artifacts,Recovered baseline/audit should become repository-canonical evidence if used for architecture decisions.,"RMAP-REC-01 artifacts exist in project workspace, not canonical main.",None.,MISSING,P2,NO,Integrate evidence docs without pretending UNKNOWNs are resolved.
A-07,CI,Automated CI/build/validation exists and recent candidate branches pass.,"GitHub Actions exists; #52, #53 and #54 each have successful CI runs.",Passing branch CI is available.,GOOD,P3,NO,Keep verification discipline.
R-01,Release readiness,Release 1 should communicate Product v1 and demonstrate it through Library+Viewer.,"Technical Library/Viewer routes exist, but core copy, curation, explanation routes and reader orientation are not aligned with Product v1.","#52/#53 mostly address repo/tooling, not these product gaps.",INSUFFICIENT,P1,YES,"Release should wait for product-alignment slice, not Modeler completion."
R-02,Library resilience,Library should survive missing/bad index with a usable empty/error state.,`readLibraryIndex()` throws on missing/invalid index and the `/library` page calls it directly.,No branch evidence reviewed here closes this product behavior.,INSUFFICIENT,P1,YES,Milestone 1 error-handling gap.
R-03,Mobile/accessibility,Core reader path should be verified on mobile and for keyboard/ARIA.,"There is responsive UI, swipe navigation and multiple ARIA labels, but no consolidated acceptance evidence for the complete Product v1 reader flow.",None.,INSUFFICIENT,P2,NO,Verification gap rather than rewrite.
X-01,Later extension,Condition/scenario trials can be added after core public product.,"Frames exist, but no product-level scenario comparison workflow is established.",None.,MISSING,P4,NO,Explicit non-blocker.
X-02,Later extension,Collaborative atlas can be added after core public product.,No collaborative atlas/multi-user product path is established.,None.,MISSING,P4,NO,Explicit non-blocker.