{
  "document_meta": {
    "document_title": "Regression invalid: endpoint ref missing",
    "document_summary": "Line endpoint ref points to missing uuid.",
    "document_uuid": "eeeeeeee-eeee-4eee-8eee-eeeeeeeeeeee",
    "schema_uri": "https://q2t-project.github.io/3dsl/schemas/release/v1.1.3/3DSS.schema.json",
    "author": "regression",
    "version": "1.1.0",
    "coordinate_system": "Z+up/freeXY",
    "units": "non_si:px",
    "i18n": "ja"
  },
  "points": [
    {
      "meta": {
        "uuid": "11111111-1111-4111-8111-111111111111"
      },
      "appearance": {
        "position": [
          0,
          0,
          0
        ],
        "marker": {
          "primitive": "sphere",
          "radius": 0.4
        },
        "visible": true
      }
    }
  ],
  "lines": [
    {
      "meta": {
        "uuid": "44444444-4444-4444-8444-444444444444"
      },
      "appearance": {
        "end_a": {
          "ref": "11111111-1111-4111-8111-111111111111"
        },
        "end_b": {
          "ref": "99999999-9999-4999-8999-999999999999"
        },
        "line_type": "straight",
        "visible": true
      }
    }
  ]
}