{
  "document_meta": {
    "document_title": {
      "ja": "schema_uri prerelease + unicode tags (plural)",
      "en": "schema_uri prerelease + unicode tags (plural)"
    },
    "document_uuid": "dddddddd-dddd-4ddd-8ddd-dddddddddddd",
    "schema_uri": "https://q2t-project.github.io/3dsl/schemas/3DSS.schema.json#v1.1.3-alpha.2",
    "author": "q2t-project",
    "version": "1.0.0",
    "tags": [
      "s:日本語タグ",
      "m:数学"
    ]
  },
  "points": [
    {
      "appearance": {
        "position": [
          0,
          0,
          0
        ]
      },
      "meta": {
        "uuid": "eeeeeeee-eeee-4eee-8eee-eeeeeeeeeeee"
      },
      "signification": {
        "name": {
          "ja": "中心",
          "en": "center"
        }
      }
    }
  ]
}
