{
  "document_meta": {
    "document_title": "schema_uri prerelease/build & unicode tag test",
    "document_uuid": "550e8400-e29b-41d4-a716-446655440000",
    "schema_uri": "https://q2t-project.github.io/3dsl/schemas/3DSS.schema.json#v1.1.3-alpha-1+build-20251226",
    "author": "tester@example.com",
    "version": "1.1.3-alpha.1+build-20251226"
  },
  "points": [
    {
      "appearance": {
        "position": [
          0,
          0,
          0
        ]
      },
      "meta": {
        "uuid": "11111111-2222-4333-8aaa-aaaaaaaaaaaa",
        "tags": [
          "s:概念-α",
          "m:時間の矢",
          "x:foo-bar"
        ]
      }
    }
  ],
  "lines": [],
  "aux": []
}
