{
  "document_meta": {
    "document_title": "Phase7 fixture: legacy text pose compat",
    "document_summary": "Legacy marker.text.plane + uuid/position alias coverage.",
    "document_uuid": "eeeeeeee-eeee-4eee-8eee-eeeeeeeeeeee",
    "schema_uri": "https://q2t-project.github.io/3dsl/schemas/release/v1.1.3/3DSS.schema.json#v1.1.3",
    "author": "phase7",
    "version": "1.0.0",
    "coordinate_system": "Z+up/freeXY",
    "units": "non_si:px",
    "i18n": {
      "default_language": "en",
      "ja": "ja",
      "en": "en",
      "fr": "fr"
    }
  },
  "points": [
    {
      "uuid": "11111111-1111-4111-8111-111111111111",
      "signification": {
        "name": {
          "ja": "旧ラベル",
          "en": "Legacy label",
          "fr": "Etiquette"
        }
      },
      "position": [
        0,
        0,
        0
      ],
      "appearance": {
        "marker": {
          "primitive": "sphere",
          "radius": 0.4,
          "text": {
            "content": "Legacy Plane",
            "size": 8,
            "align": "left top",
            "plane": "xy"
          }
        },
        "visible": true,
        "frames": [
          0
        ]
      }
    },
    {
      "uuid": "22222222-2222-4222-8222-222222222222",
      "signification": {
        "name": {
          "ja": "相手点",
          "en": "Peer point",
          "fr": "Point pair"
        }
      },
      "meta": {
        "tags": [
          "s:phase7",
          "s:legacy"
        ]
      },
      "geometry": {
        "position": [
          2,
          0,
          0
        ]
      },
      "appearance": {
        "marker": {
          "primitive": "box",
          "size": [
            0.6,
            0.6,
            0.6
          ]
        },
        "visible": true,
        "frames": [
          0
        ]
      }
    }
  ],
  "lines": [
    {
      "uuid": "bbbbbbbb-bbbb-4bbb-8bbb-bbbbbbbbbbbb",
      "appearance": {
        "end_a": "11111111-1111-4111-8111-111111111111",
        "end_b": "22222222-2222-4222-8222-222222222222",
        "line_type": "straight",
        "visible": true,
        "frames": [
          0
        ]
      }
    }
  ],
  "aux": [
    {
      "uuid": "cccccccc-cccc-4ccc-8ccc-cccccccccccc",
      "appearance": {
        "module": {
          "grid": {
            "grid_type": "cartesian",
            "subdivisions": 8,
            "major_step": 4,
            "minor_step": 1
          }
        },
        "visible": true,
        "frames": [
          0
        ]
      }
    }
  ]
}
