{
  "document_meta": {
    "document_title": "収束と分水嶺 デバッグ版",
    "document_summary": "時間逆行の議論と同型の 3DSD 構造デバッグ版。往還構造 × 分水嶺のテストシーン。",
    "document_uuid": "00000000-0000-0000-0000-000000000000",
    "schema_uri": "https://q2t-project.github.io/3dsl/schemas/3DSS.schema.json#v1.1.3",
    "author": "qoboqobo",
    "version": "1.0.0",
    "tags": [
      "s:sample",
      "m:time-arrow",
      "x:debug"
    ]
  },
  "points": [
    {
      "signification": {
        "name": "P01"
      },
      "appearance": {
        "position": [
          -24.0,
          -24,
          -8.0
        ],
        "text": {
          "content": "test",
          "size": 64
        },
        "visible": true
      },
      "meta": {
        "uuid": "181e63f9-7966-4a0d-96ad-e1569442b8a5",
        "tags": [
          "s:node"
        ],
        "creator_memo": "Grid point 1"
      }
    },
    {
      "signification": {
        "name": "P02"
      },
      "appearance": {
        "position": [
          -8.0,
          -24,
          0
        ],
        "marker": {
          "primitive": "box",
          "size": [
            6.0,
            6.0,
            6.0
          ],
          "common": {
            "color": "#66ff66"
          }
        },
        "visible": true
      },
      "meta": {
        "uuid": "90edc00f-e2e8-4a0c-9d58-764e6c97ba18",
        "tags": [
          "s:node"
        ],
        "creator_memo": "Grid point 2"
      }
    },
    {
      "signification": {
        "name": "P03"
      },
      "appearance": {
        "position": [
          8.0,
          -24,
          0
        ],
        "marker": {
          "primitive": "cone",
          "radius": 3.0,
          "height": 8.0,
          "common": {
            "color": "#6666ff"
          }
        },
        "visible": true
      },
      "meta": {
        "uuid": "d684d036-194b-474b-a12b-2a804795e962",
        "tags": [
          "s:node"
        ],
        "creator_memo": "Grid point 3"
      }
    },
    {
      "signification": {
        "name": "P04"
      },
      "appearance": {
        "position": [
          24.0,
          -24,
          0
        ],
        "marker": {
          "primitive": "pyramid",
          "base": [
            6.0,
            6.0
          ],
          "height": 7.0,
          "common": {
            "color": "#ffcc66"
          }
        },
        "visible": true,
        "frames": [
          -1,
          0,
          1
        ]
      },
      "meta": {
        "uuid": "c36af2a5-bd90-461a-9ae4-d5052d54eab8",
        "tags": [
          "s:node"
        ],
        "creator_memo": "Grid point 4"
      }
    },
    {
      "signification": {
        "name": "P05"
      },
      "appearance": {
        "position": [
          -24.0,
          -8,
          8.0
        ],
        "marker": {
          "primitive": "sphere",
          "radius": 4.0,
          "common": {
            "color": "#66ccff"
          }
        },
        "visible": true
      },
      "meta": {
        "uuid": "6390f3fe-9a9e-4dd4-907b-282b6b82b2af",
        "tags": [
          "s:node"
        ],
        "creator_memo": "Grid point 5"
      }
    },
    {
      "signification": {
        "name": "P06"
      },
      "appearance": {
        "position": [
          -8.0,
          -8,
          8.0
        ],
        "marker": {
          "primitive": "box",
          "size": [
            6.0,
            6.0,
            6.0
          ],
          "common": {
            "color": "#ff66cc"
          }
        },
        "visible": true
      },
      "meta": {
        "uuid": "4f03fcaf-dfa7-4b3c-9fc7-4379f28f12eb",
        "tags": [
          "s:node"
        ],
        "creator_memo": "Grid point 6"
      }
    },
    {
      "signification": {
        "name": "P07"
      },
      "appearance": {
        "position": [
          8.0,
          -8,
          -8.0
        ],
        "marker": {
          "primitive": "cone",
          "radius": 3.0,
          "height": 8.0,
          "common": {
            "color": "#ff6666"
          }
        },
        "visible": true
      },
      "meta": {
        "uuid": "e186b9b4-7ede-4457-bdd7-6d3b2f5f0ff5",
        "tags": [
          "s:node"
        ],
        "creator_memo": "Grid point 7"
      }
    },
    {
      "signification": {
        "name": "P08"
      },
      "appearance": {
        "position": [
          24.0,
          -8,
          -8.0
        ],
        "marker": {
          "primitive": "pyramid",
          "base": [
            6.0,
            6.0
          ],
          "height": 7.0,
          "common": {
            "color": "#66ff66"
          }
        },
        "visible": true,
        "frames": [
          0,
          2
        ]
      },
      "meta": {
        "uuid": "6ab9fcec-8ee0-4b4d-98c9-a5e2cc77ccb6",
        "tags": [
          "s:node"
        ],
        "creator_memo": "Grid point 8"
      }
    },
    {
      "signification": {
        "name": "P09"
      },
      "appearance": {
        "position": [
          -24.0,
          8,
          -8.0
        ],
        "marker": {
          "primitive": "sphere",
          "radius": 4.0,
          "common": {
            "color": "#6666ff"
          }
        },
        "visible": true
      },
      "meta": {
        "uuid": "e7df6e57-5b5e-4588-a941-eb2edffb80e2",
        "tags": [
          "s:node"
        ],
        "creator_memo": "Grid point 9"
      }
    },
    {
      "signification": {
        "name": "P10"
      },
      "appearance": {
        "position": [
          -8.0,
          8,
          -8.0
        ],
        "marker": {
          "primitive": "box",
          "size": [
            6.0,
            6.0,
            6.0
          ],
          "common": {
            "color": "#ffcc66"
          }
        },
        "visible": true
      },
      "meta": {
        "uuid": "5676ccea-4bb8-4f04-af01-01f9315a71ae",
        "tags": [
          "s:node"
        ],
        "creator_memo": "Grid point 10"
      }
    },
    {
      "signification": {
        "name": "P11"
      },
      "appearance": {
        "position": [
          8.0,
          8,
          -8.0
        ],
        "marker": {
          "primitive": "cone",
          "radius": 3.0,
          "height": 8.0,
          "common": {
            "color": "#66ccff"
          }
        },
        "visible": true
      },
      "meta": {
        "uuid": "f41afd16-eb40-42b0-8aa8-b287961a8d68",
        "tags": [
          "s:node"
        ],
        "creator_memo": "Grid point 11"
      }
    },
    {
      "signification": {
        "name": "P12"
      },
      "appearance": {
        "position": [
          24.0,
          8,
          -8.0
        ],
        "marker": {
          "primitive": "pyramid",
          "base": [
            6.0,
            6.0
          ],
          "height": 7.0,
          "common": {
            "color": "#ff66cc"
          }
        },
        "visible": true,
        "frames": [
          1,
          2
        ]
      },
      "meta": {
        "uuid": "6a3c4397-9a0e-4703-a5df-0f2833efa71a",
        "tags": [
          "s:node"
        ],
        "creator_memo": "Grid point 12"
      }
    }
  ],
  "lines": [
    {
      "signification": {
        "relation": {
          "structural": "association"
        },
        "sense": "a_to_b"
      },
      "appearance": {
        "end_a": {
          "ref": "181e63f9-7966-4a0d-96ad-e1569442b8a5"
        },
        "end_b": {
          "ref": "90edc00f-e2e8-4a0c-9d58-764e6c97ba18"
        },
        "line_type": "straight",
        "line_style": "solid",
        "color": "#ff6666",
        "opacity": 0.6,
        "arrow": {
          "primitive": "none"
        },
        "visible": true,
        "frames": [
          1,
          2
        ]
      },
      "meta": {
        "uuid": "c9a8c816-7005-4707-a257-b3485222440e",
        "tags": [
          "s:edge"
        ],
        "creator_memo": "X-edge 1"
      }
    },
    {
      "signification": {
        "relation": {
          "dynamic": "flow"
        },
        "sense": "b_to_a"
      },
      "appearance": {
        "end_a": {
          "ref": "90edc00f-e2e8-4a0c-9d58-764e6c97ba18"
        },
        "end_b": {
          "ref": "d684d036-194b-474b-a12b-2a804795e962"
        },
        "line_type": "straight",
        "line_style": "dashed",
        "color": "#66ff66",
        "opacity": 0.6,
        "arrow": {
          "primitive": "line",
          "length": 3.0,
          "thickness": 0.6
        },
        "visible": true
      },
      "meta": {
        "uuid": "2f4b9ae5-74a3-4e44-87f7-eb075eac4929",
        "tags": [
          "s:edge"
        ],
        "creator_memo": "X-edge 2"
      }
    },
    {
      "signification": {
        "relation": {
          "logical": "implication"
        },
        "sense": "bidirectional"
      },
      "appearance": {
        "end_a": {
          "ref": "d684d036-194b-474b-a12b-2a804795e962"
        },
        "end_b": {
          "ref": "c36af2a5-bd90-461a-9ae4-d5052d54eab8"
        },
        "line_type": "straight",
        "line_style": "dotted",
        "color": "#6666ff",
        "opacity": 0.6,
        "arrow": {
          "primitive": "cone",
          "radius": 1.0,
          "height": 3.0
        },
        "visible": true
      },
      "meta": {
        "uuid": "2b7394f3-06f6-4d5a-a2dd-b63e7f8ffb8f",
        "tags": [
          "s:edge"
        ],
        "creator_memo": "X-edge 3"
      }
    },
    {
      "signification": {
        "relation": {
          "temporal": "precedence"
        },
        "sense": "neutral"
      },
      "appearance": {
        "end_a": {
          "ref": "6390f3fe-9a9e-4dd4-907b-282b6b82b2af"
        },
        "end_b": {
          "ref": "4f03fcaf-dfa7-4b3c-9fc7-4379f28f12eb"
        },
        "line_type": "straight",
        "line_style": "double",
        "color": "#ffcc66",
        "opacity": 0.6,
        "arrow": {
          "primitive": "pyramid",
          "base": [
            2.0,
            2.0
          ],
          "height": 2.5
        },
        "visible": true
      },
      "meta": {
        "uuid": "a03dba52-f94b-4db0-83e2-04b2b2470079",
        "tags": [
          "s:edge"
        ],
        "creator_memo": "X-edge 5"
      }
    },
    {
      "signification": {
        "relation": {
          "meta": "reference"
        },
        "sense": "a_to_b"
      },
      "appearance": {
        "end_a": {
          "ref": "4f03fcaf-dfa7-4b3c-9fc7-4379f28f12eb"
        },
        "end_b": {
          "ref": "e186b9b4-7ede-4457-bdd7-6d3b2f5f0ff5"
        },
        "line_type": "straight",
        "line_style": "solid",
        "color": "#66ccff",
        "opacity": 0.6,
        "arrow": {
          "primitive": "none"
        },
        "visible": true
      },
      "meta": {
        "uuid": "b0b3c1c2-5fbe-4658-86dc-5c3b5c0cdc22",
        "tags": [
          "s:edge"
        ],
        "creator_memo": "X-edge 6"
      }
    },
    {
      "signification": {
        "relation": {
          "structural": "association"
        },
        "sense": "b_to_a"
      },
      "appearance": {
        "end_a": {
          "ref": "e186b9b4-7ede-4457-bdd7-6d3b2f5f0ff5"
        },
        "end_b": {
          "ref": "6ab9fcec-8ee0-4b4d-98c9-a5e2cc77ccb6"
        },
        "line_type": "straight",
        "line_style": "dashed",
        "color": "#ff66cc",
        "opacity": 0.6,
        "arrow": {
          "primitive": "line",
          "length": 3.0,
          "thickness": 0.6
        },
        "visible": true
      },
      "meta": {
        "uuid": "f3ec140d-9b2f-4a43-a772-49302aff7575",
        "tags": [
          "s:edge"
        ],
        "creator_memo": "X-edge 7"
      }
    },
    {
      "signification": {
        "relation": {
          "dynamic": "flow"
        },
        "sense": "bidirectional"
      },
      "appearance": {
        "end_a": {
          "ref": "e7df6e57-5b5e-4588-a941-eb2edffb80e2"
        },
        "end_b": {
          "ref": "5676ccea-4bb8-4f04-af01-01f9315a71ae"
        },
        "line_type": "straight",
        "line_style": "dotted",
        "color": "#ff6666",
        "opacity": 0.6,
        "arrow": {
          "primitive": "cone",
          "radius": 1.0,
          "height": 3.0
        },
        "visible": true
      },
      "meta": {
        "uuid": "15fdf482-36d0-4871-844f-f89aff735aed",
        "tags": [
          "s:edge"
        ],
        "creator_memo": "X-edge 9"
      }
    },
    {
      "signification": {
        "relation": {
          "logical": "support"
        },
        "sense": "neutral"
      },
      "appearance": {
        "end_a": {
          "ref": "5676ccea-4bb8-4f04-af01-01f9315a71ae"
        },
        "end_b": {
          "ref": "f41afd16-eb40-42b0-8aa8-b287961a8d68"
        },
        "line_type": "straight",
        "line_style": "double",
        "color": "#66ff66",
        "opacity": 0.6,
        "arrow": {
          "primitive": "pyramid",
          "base": [
            2.0,
            2.0
          ],
          "height": 2.5
        },
        "visible": true
      },
      "meta": {
        "uuid": "1f4c5bd2-d62a-47c8-a39a-e64c99db52cf",
        "tags": [
          "s:edge"
        ],
        "creator_memo": "X-edge 10"
      }
    },
    {
      "signification": {
        "relation": {
          "temporal": "succession"
        },
        "sense": "a_to_b"
      },
      "appearance": {
        "end_a": {
          "ref": "f41afd16-eb40-42b0-8aa8-b287961a8d68"
        },
        "end_b": {
          "ref": "6a3c4397-9a0e-4703-a5df-0f2833efa71a"
        },
        "line_type": "straight",
        "line_style": "solid",
        "color": "#6666ff",
        "opacity": 0.6,
        "arrow": {
          "primitive": "none"
        },
        "visible": true
      },
      "meta": {
        "uuid": "b5524444-0cca-4481-9e29-312a32f9036f",
        "tags": [
          "s:edge"
        ],
        "creator_memo": "X-edge 11"
      }
    },
    {
      "signification": {
        "relation": {
          "meta": "reference"
        },
        "sense": "b_to_a"
      },
      "appearance": {
        "end_a": {
          "ref": "181e63f9-7966-4a0d-96ad-e1569442b8a5"
        },
        "end_b": {
          "ref": "6390f3fe-9a9e-4dd4-907b-282b6b82b2af"
        },
        "line_type": "polyline",
        "line_style": "solid",
        "color": "#ffcc66",
        "opacity": 0.7,
        "arrow": {
          "primitive": "line",
          "length": 3.0,
          "thickness": 0.5
        },
        "visible": true,
        "geometry": {
          "dimension": 3,
          "polyline_points": [
            [
              -24.0,
              -24,
              -8.0
            ],
            [
              -24.0,
              -16.0,
              -8.0
            ],
            [
              -24.0,
              -8,
              -8.0
            ]
          ]
        },
        "effect": {
          "effect_type": "pulse",
          "amplitude": 1,
          "speed": 1,
          "duration": 1,
          "loop": true,
          "phase": 0,
          "easing": "linear",
          "width": 1.0
        }
      },
      "meta": {
        "uuid": "bd9540bc-3060-4167-8bf0-5244d6d2214a",
        "tags": [
          "s:edge"
        ],
        "creator_memo": "Y-edge 13"
      }
    },
    {
      "signification": {
        "relation": {
          "structural": "containment"
        },
        "sense": "bidirectional"
      },
      "appearance": {
        "end_a": {
          "ref": "6390f3fe-9a9e-4dd4-907b-282b6b82b2af"
        },
        "end_b": {
          "ref": "e7df6e57-5b5e-4588-a941-eb2edffb80e2"
        },
        "line_type": "bezier",
        "line_style": "dashed",
        "color": "#66ccff",
        "opacity": 0.7,
        "arrow": {
          "primitive": "cone",
          "radius": 1.0,
          "height": 2.5
        },
        "visible": true,
        "geometry": {
          "dimension": 3,
          "bezier_controls": [
            [
              -24.0,
              -4,
              -8.0
            ],
            [
              -24.0,
              4,
              -8.0
            ]
          ]
        },
        "effect": {
          "effect_type": "flow",
          "amplitude": 1,
          "speed": 1,
          "duration": 1,
          "loop": true,
          "phase": 0,
          "easing": "linear",
          "width": 1.0
        }
      },
      "meta": {
        "uuid": "bed8078c-93b7-4c7f-b86a-bf64b502acd0",
        "tags": [
          "s:edge"
        ],
        "creator_memo": "Y-edge 14"
      }
    },
    {
      "signification": {
        "relation": {
          "dynamic": "causal"
        },
        "sense": "neutral"
      },
      "appearance": {
        "end_a": {
          "ref": "90edc00f-e2e8-4a0c-9d58-764e6c97ba18"
        },
        "end_b": {
          "ref": "4f03fcaf-dfa7-4b3c-9fc7-4379f28f12eb"
        },
        "line_type": "catmullrom",
        "line_style": "dotted",
        "color": "#ff66cc",
        "opacity": 0.7,
        "arrow": {
          "primitive": "pyramid",
          "base": [
            2.5,
            2.5
          ],
          "height": 2.0
        },
        "visible": true,
        "geometry": {
          "dimension": 3,
          "catmullrom_points": [
            [
              -8.0,
              -24,
              -8.0
            ],
            [
              -8.0,
              -16.0,
              -8.0
            ],
            [
              -8.0,
              -16.0,
              -8.0
            ],
            [
              -8.0,
              -8,
              -8.0
            ]
          ],
          "catmullrom_tension": 0.5
        },
        "effect": {
          "effect_type": "glow",
          "amplitude": 1,
          "speed": 1,
          "duration": 1,
          "loop": true,
          "phase": 0,
          "easing": "linear",
          "width": 1.0
        }
      },
      "meta": {
        "uuid": "c79907d3-8c0b-441d-a9df-9ba6b85bded0",
        "tags": [
          "s:edge"
        ],
        "creator_memo": "Y-edge 18"
      }
    },
    {
      "signification": {
        "relation": {
          "logical": "support"
        },
        "sense": "a_to_b"
      },
      "appearance": {
        "end_a": {
          "ref": "4f03fcaf-dfa7-4b3c-9fc7-4379f28f12eb"
        },
        "end_b": {
          "ref": "5676ccea-4bb8-4f04-af01-01f9315a71ae"
        },
        "line_type": "arc",
        "line_style": "double",
        "color": "#6666ff",
        "opacity": 0.7,
        "arrow": {
          "primitive": "none"
        },
        "visible": true,
        "geometry": {
          "dimension": 3,
          "arc_center": [
            -8.0,
            0.0,
            -8.0
          ],
          "arc_radius": 8.0,
          "arc_angle_start": 0.0,
          "arc_angle_end": 1.5707963267948966,
          "arc_clockwise": false
        },
        "effect": {
          "effect_type": "pulse",
          "amplitude": 1,
          "speed": 1,
          "duration": 1,
          "loop": true,
          "phase": 0,
          "easing": "linear",
          "width": 1.0
        }
      },
      "meta": {
        "uuid": "6215d6cd-4ac3-40c3-86a0-5de0fcbafb19",
        "tags": [
          "s:edge"
        ],
        "creator_memo": "Y-edge 19"
      }
    },
    {
      "signification": {
        "relation": {
          "temporal": "succession"
        },
        "sense": "b_to_a"
      },
      "appearance": {
        "end_a": {
          "ref": "d684d036-194b-474b-a12b-2a804795e962"
        },
        "end_b": {
          "ref": "e186b9b4-7ede-4457-bdd7-6d3b2f5f0ff5"
        },
        "line_type": "straight",
        "line_style": "solid",
        "color": "#ffcc66",
        "opacity": 0.7,
        "arrow": {
          "primitive": "line",
          "length": 3.0,
          "thickness": 0.5
        },
        "visible": true
      },
      "meta": {
        "uuid": "47f9ae98-0894-4493-903a-997c760eafd1",
        "tags": [
          "s:edge"
        ],
        "creator_memo": "Y-edge 23"
      }
    },
    {
      "signification": {
        "relation": {
          "meta": "reference"
        },
        "sense": "bidirectional"
      },
      "appearance": {
        "end_a": {
          "ref": "e186b9b4-7ede-4457-bdd7-6d3b2f5f0ff5"
        },
        "end_b": {
          "ref": "f41afd16-eb40-42b0-8aa8-b287961a8d68"
        },
        "line_type": "straight",
        "line_style": "dashed",
        "color": "#66ccff",
        "opacity": 0.7,
        "arrow": {
          "primitive": "cone",
          "radius": 1.0,
          "height": 2.5
        },
        "visible": true
      },
      "meta": {
        "uuid": "3cad0b57-8d9b-48fa-ace3-d416a0d125cf",
        "tags": [
          "s:edge"
        ],
        "creator_memo": "Y-edge 24"
      }
    },
    {
      "signification": {
        "relation": {
          "structural": "hierarchy"
        },
        "sense": "neutral"
      },
      "appearance": {
        "end_a": {
          "ref": "181e63f9-7966-4a0d-96ad-e1569442b8a5"
        },
        "end_b": {
          "ref": "e7df6e57-5b5e-4588-a941-eb2edffb80e2"
        },
        "line_type": "straight",
        "line_style": "dotted",
        "color": "#ff66cc",
        "opacity": 0.65,
        "arrow": {
          "primitive": "pyramid",
          "base": [
            2.0,
            2.0
          ],
          "height": 2.4
        },
        "visible": true
      },
      "meta": {
        "uuid": "3ef50c7b-68f1-4c60-9c64-d76f7fdb7666",
        "tags": [
          "s:edge"
        ],
        "creator_memo": "Z-edge 41"
      }
    },
    {
      "signification": {
        "relation": {
          "dynamic": "influence"
        },
        "sense": "a_to_b"
      },
      "appearance": {
        "end_a": {
          "ref": "90edc00f-e2e8-4a0c-9d58-764e6c97ba18"
        },
        "end_b": {
          "ref": "5676ccea-4bb8-4f04-af01-01f9315a71ae"
        },
        "line_type": "straight",
        "line_style": "double",
        "color": "#6666ff",
        "opacity": 0.65,
        "arrow": {
          "primitive": "none"
        },
        "visible": true
      },
      "meta": {
        "uuid": "2962b135-7904-433b-bf24-2f616d0b0b7c",
        "tags": [
          "s:edge"
        ],
        "creator_memo": "Z-edge 42"
      }
    },
    {
      "signification": {
        "relation": {
          "logical": "equivalence"
        },
        "sense": "b_to_a"
      },
      "appearance": {
        "end_a": {
          "ref": "d684d036-194b-474b-a12b-2a804795e962"
        },
        "end_b": {
          "ref": "f41afd16-eb40-42b0-8aa8-b287961a8d68"
        },
        "line_type": "straight",
        "line_style": "solid",
        "color": "#ffcc66",
        "opacity": 0.65,
        "arrow": {
          "primitive": "line",
          "length": 3.0,
          "thickness": 0.7
        },
        "visible": true
      },
      "meta": {
        "uuid": "fccd56c2-8c16-4aa8-bb24-e54f5b0fbdc9",
        "tags": [
          "s:edge"
        ],
        "creator_memo": "Z-edge 43"
      }
    },
    {
      "signification": {
        "relation": {
          "temporal": "precedence"
        },
        "sense": "bidirectional"
      },
      "appearance": {
        "end_a": {
          "ref": "c36af2a5-bd90-461a-9ae4-d5052d54eab8"
        },
        "end_b": {
          "ref": "6a3c4397-9a0e-4703-a5df-0f2833efa71a"
        },
        "line_type": "straight",
        "line_style": "dashed",
        "color": "#66ccff",
        "opacity": 0.65,
        "arrow": {
          "primitive": "cone",
          "radius": 1.0,
          "height": 2.8
        },
        "visible": true
      },
      "meta": {
        "uuid": "a3e8b238-52bf-44f9-ba7b-59f6a2f72187",
        "tags": [
          "s:edge"
        ],
        "creator_memo": "Z-edge 44"
      }
    }
  ],
  "aux": [
    {
      "appearance": {
        "position": [
          0,
          0,
          -16
        ],
        "orientation": [
          0,
          0,
          0
        ],
        "opacity": 0.4,
        "module": {
          "grid": {
            "grid_type": "cartesian",
            "subdivisions": 8,
            "major_step": 16,
            "minor_step": 4,
            "color_major": "#555555",
            "color_minor": "#333333"
          }
        },
        "visible": true
      },
      "meta": {
        "uuid": "9b7071c3-506f-4702-9ca3-e6f7b7910a44",
        "tags": [
          "s:aux",
          "m:grid"
        ],
        "creator_memo": "XY cartesian grid"
      }
    },
    {
      "appearance": {
        "position": [
          0,
          0,
          0
        ],
        "orientation": [
          0,
          0,
          0
        ],
        "opacity": 1.0,
        "module": {
          "axis": {
            "length": 64,
            "labels": true,
            "arrow": {
              "primitive": "cone",
              "radius": 1.5,
              "height": 5.0
            }
          }
        },
        "visible": true
      },
      "meta": {
        "uuid": "2ca832da-605e-458c-8680-74b8f24bc12b",
        "tags": [
          "s:aux",
          "m:axis"
        ],
        "creator_memo": "World axis"
      }
    },
    {
      "appearance": {
        "position": [
          0,
          0,
          0
        ],
        "orientation": [
          0,
          0,
          0
        ],
        "opacity": 0.2,
        "module": {
          "shell": {
            "shell_type": "sphere",
            "opacity": 0.2,
            "reflectivity": 0.4,
            "effect": {
              "edge_intensity": 0.6,
              "rimlight": true,
              "glow_color": "#88aaff"
            }
          }
        },
        "visible": true
      },
      "meta": {
        "uuid": "f281d7b6-659c-4f2b-b47a-2b17a7f5d56d",
        "tags": [
          "s:aux",
          "m:shell"
        ],
        "creator_memo": "Spherical environment shell"
      }
    }
  ]
}
